id,mesto,regional,region_code,typ,fte,fte_F,fte_L,fte_ZF,trzby,bloky,naklady,hodnota_bloku,podiel_rx,trzby_per_blok,trzby_cv,bloky_cv,bloky_trend,kpi_mean,kpi_std,contract_ZF,contract_F,contract_L,high_rx_complexity,is_shopping,is_poliklinika,is_street
2,"Bratislava, Obchodná",RR15_Miroslava Kolesárová,RR15,D - street,4.321120689655173,2.17,1.88,0.11,1154617.09,61770,84618.77,18.692198316334792,0.4713968,18.692198316334792,0.1519819768608324,0.142447282131222,0.110738255033557,8.859812064599803,1.3000118388536683,0.13,2.83333333333333,2.29666666666667,0,0,0,1
3,Senec,RR13_Slavomír Bodnár,RR13,E - poliklinika,2.2684386973180075,1.05,,0.72,754015.45,33650,55539.53,22.407591381872212,0.7395328305275444,22.407591381872212,0.113387833138947,0.0943721358926305,0.0434782608695652,8.37197073452493,1.3367173410837414,0.865833333333333,1.29166666666667,,1,0,1,0
5,"Vranov n.T., centrum",RR2_Silvia Mastikova,RR2,D - street,2.5328065134099615,0.88,0.82,0.85,945226.53,50640,56116.91,18.665610781990523,0.5693855736359833,18.665610781990523,0.1420980826887304,0.1261558091758838,0.0244102564102564,8.09401609041853,1.0089981975968267,1.0,1.08333333333333,1.0,0,0,0,1
6,"Turzovka, mesto",RR8_Katarína Kuchtová,RR8,C - street +,3.231800766283525,0.86,1.81,0.8,1326786.58,52628,70503.66,25.21065934483545,0.715344678870659,25.21065934483545,0.0857327335664766,0.0963038680253196,0.1130316124630429,7.010452210823716,0.939962169752722,1.0,1.08333333333333,2.41666666666667,1,0,0,1
7,"Prešov, 17.novembra",RR3_Jana Majernikova,RR3,C - street +,2.219827586206897,0.85,0.4,0.88,610019.9400000001,35146,55525.42,17.356738746941332,0.615215659999573,17.356738746941332,0.1444133359469821,0.1399569554360741,0.0973479948253557,10.801086599277788,1.9210115105983636,1.0,1.16666666666667,0.916666666666667,0,0,0,1
9,"Humenné, NsP",RR2_Silvia Mastikova,RR2,E - poliklinika,4.0761494252873565,1.41,2.3,0.82,1412738.8,58861,69113.01,24.00127079050645,0.7969313931209365,24.00127079050645,0.1051176017691802,0.1025877883718664,-0.109090909090909,6.451272143650236,0.7453125646319956,1.0,1.88,3.0,1,0,1,0
11,"Rimavská Sobota, Kaufland",RR5_Juraj Hvorecky,RR5,B - shopping,5.675047892720307,1.95,2.84,0.27,1644725.11,122317,129679.53,13.44641472567182,0.5627199064286189,13.44641472567182,0.0705385736465558,0.0630830177011082,0.104629719499175,9.63086400327792,1.250855390299841,0.833333333333333,2.5,4.58333333333333,0,1,0,0
12,"Michalovce, TESCO",RR1_Beata Kubanova,RR1,B - shopping,5.1867816091954015,1.4,2.55,0.83,1559378.57,109587,100957.38,14.229594477447144,0.4791442850211799,14.229594477447144,0.1145168518462638,0.0982055116551343,0.1702615878843506,8.384732386283037,1.111012810184281,1.0,2.16666666666667,3.0,0,1,0,0
13,"Košice, Merkúr",RR4_Radovan Kalmar,RR4,C - street +,2.453065134099617,0.79,0.87,0.66,744650.0599999999,42016,49397.2,17.723011709824828,0.6205871923249425,17.723011709824828,0.1207621199442449,0.098840306473071,0.1054973821989528,8.60251608166398,1.1914821652720615,0.81,1.0,1.0,0,0,0,1
14,"Spiš.N.Ves, OC Madaras",RR3_Jana Majernikova,RR3,B - shopping,5.298611111111112,2.61,1.57,0.85,1986298.47,128266,109876.76,15.485775419830665,0.5029607005637979,15.485775419830665,0.1013731683968303,0.1420569699018638,0.0809433310297166,7.094505275389046,0.6647237710279592,1.0,3.08333333333333,2.25,0,1,0,0
15,"Humenné, Kaufland",RR2_Silvia Mastikova,RR2,B - shopping,4.525383141762452,1.85,1.73,0.73,1555373.54,114526,115051.43,13.580964497144754,0.488715855356521,13.580964497144754,0.0861211043869881,0.0693887888133339,0.1414057640472734,9.468853967500689,4.31467477794653,0.855,2.25,2.0,0,1,0,0
16,"Poprad, OC MAX",RR7_Ivana Iľanovská,RR7,B - shopping,3.9554597701149423,1.83,1.72,0.27,1115250.59,71671,83689.56,15.560695260286588,0.4645867078178367,15.560695260286588,0.1450127698450222,0.1831060637724296,0.1260108807528304,9.217046759636046,1.5334898422651313,1.0,2.16666666666667,2.0,0,1,0,0
17,"Topoľčany, 17.novembra",RR10_Mário Mantuano,RR10,C - street +,3.7504789272030647,1.45,1.61,0.76,946843.62,46145,79484.09,20.518877884927942,0.6998997152243578,20.518877884927942,0.1342427448505735,0.1403251549475564,-0.0775806796324,10.184855253275623,1.5018330590101032,0.9375,2.25,2.0,0,0,0,1
18,"Partizánske, Prior",RR10_Mário Mantuano,RR10,C - street +,3.5674090038314175,0.82,1.65,0.54,1167196.3,54404,75585.34,21.454236820822,0.7008497371007772,21.454236820822,0.075155712757806,0.0853922891848654,0.010351966873706,7.684254807585213,0.910272686716642,1.08333333333333,1.0,2.0,1,0,0,1
19,Lipt. Mikuláš,RR7_Ivana Iľanovská,RR7,B - shopping,4.073036398467433,2.43,1.61,0.11,1215616.35,57875,83986.84,21.00417019438445,0.6512398669201841,21.00417019438445,0.1138279069871604,0.0904050332916979,0.0910927085437285,8.587623342136046,1.56571044186372,0.171666666666667,3.08333333333333,2.0,0,1,0,0
22,"Rimavská Sobota, NsP",RR5_Juraj Hvorecky,RR5,E - poliklinika,3.2140804597701145,1.67,3.05,0.89,3139745.35,43228,76747.07,72.63221407421116,0.931755573744221,72.63221407421116,0.1105182288693285,0.0991615006854171,-0.0101065282709642,3.189103467179247,0.5433918938465586,1.0,2.0,4.0,1,0,1,0
25,"Michalovce, Kaufland",RR1_Beata Kubanova,RR1,B - shopping,6.880986590038314,3.47,2.54,0.86,2572014.98,152541,131546.51,16.861138841360685,0.626569200619508,16.861138841360685,0.0789008110163292,0.0856080801240433,0.0918423321056343,6.918627775350682,0.7258918629941076,1.0,4.0,3.0,0,1,0,0
26,"Vranov n.T., NsP",RR2_Silvia Mastikova,RR2,E - poliklinika,4.210009578544061,1.35,2.44,0.86,1924848.33,70712,76040.74,27.22095726326508,0.8115522899406832,27.22095726326508,0.0755484795388994,0.1083204592262828,-0.0135562584726615,5.3490172215769975,0.616946188813039,1.0,2.0,3.0,1,0,1,0
27,"Bratislava, Kaufland Trnavská",RR13_Slavomír Bodnár,RR13,B - shopping,5.444204980842912,1.78,2.57,0.7,1454841.82,94020,111250.19,15.473748351414594,0.4195179445693965,15.473748351414594,0.1144910220250621,0.0929306164762106,0.1024660424634049,9.309711244828229,1.647973191002646,0.793333333333333,2.04166666666667,3.08333333333333,0,1,0,0
29,"Nitra, Kaufland",RR11_Andrej Kukučka,RR11,B - shopping,8.580220306513409,4.22,4.22,0.87,3133673.76,171852,174433.94,18.234723832134627,0.5660888707189482,18.234723832134627,0.1061632189431452,0.0879266769758354,0.0999641448547866,7.35175951647307,0.6930068109451766,1.0,5.0,6.25,0,1,0,0
30,"Nové Zámky, OC Aquario",RR14_Zsolt Balogh,RR14,B - shopping,4.041427203065134,1.54,1.56,0.81,946284.79,65954,91939.89,14.347648209358038,0.3082534381642127,14.347648209358038,0.2153147691250121,0.2896927560908622,0.0164850516904163,12.083572461933892,2.219286500389317,1.0,1.75,2.0,0,1,0,0
31,"Košice, Kaufland Popradská",RR4_Radovan Kalmar,RR4,B - shopping,5.216714559386973,1.66,2.53,0.87,1650538.07,101084,108468.02,16.32838104942424,0.5698648380767127,16.32838104942424,0.0942985214090658,0.0788051688077403,0.1580397795351066,8.455378522283556,0.8745475063673892,1.0,2.125,3.0,0,1,0,0
32,"Hnúšťa, poliklinika",RR5_Juraj Hvorecky,RR5,E - poliklinika,3.1343390804597706,0.83,1.55,0.75,895421.91,43445,71748.44,20.610470940269305,0.7630580314926625,20.610470940269305,0.0763335478153667,0.0751002463083201,0.0600162206001622,9.75303173461024,1.1292450084615075,1.0,1.0,2.0625,1,0,1,0
33,"Levice, TESCO",RR11_Andrej Kukučka,RR11,B - shopping,5.984674329501916,2.15,2.52,0.84,2518066.82,131028,148477.99,19.21777650578502,0.52088017267151,19.21777650578502,0.0765695442005785,0.070159172156738,0.1783368791046156,7.530498907777877,2.1712342629114176,1.0,2.83333333333333,3.0,0,1,0,0
34,"Púchov, Kaufland",RR9_Andrej Jakubík,RR9,B - shopping,5.4671934865900385,2.28,2.35,0.76,1839086.11,109134,127685.81,16.85163294665274,0.5323443609717654,16.85163294665274,0.2366621247274763,0.235370475719166,0.1011988011988012,9.463907782781932,4.536194012275754,0.9275,3.08333333333333,3.08333333333333,0,1,0,0
35,"Piešťany, centrum",RR12_Alena Romanová,RR12,C - street +,2.5023946360153255,0.85,0.87,0.8,548531.97,28041,64822.46,19.561783459933668,0.6142138442723767,19.561783459933668,0.2262473637031877,0.2043168939165409,0.0832455216016859,14.436524192744182,2.713791091754026,1.0,1.0,1.0,0,0,0,1
36,"Zvolen, Kaufland",RR5_Juraj Hvorecky,RR5,B - shopping,6.744252873563219,2.38,3.7,0.88,2445001.64,134069,153156.67,18.236890258001477,0.5475597922298326,18.236890258001477,0.0842049385457691,0.0788918252905456,0.2507690780986404,8.331509341207068,0.7691271535527131,1.0,2.83333333333333,4.41666666666667,0,1,0,0
37,"Čierna n.T., poliklinika",RR1_Beata Kubanova,RR1,E - poliklinika,2.692528735632184,2.66,,0.62,1284620.18,57076,73240.22,22.50718655827318,0.7207189521185944,22.50718655827318,0.0750898291300582,0.076074843687467,0.08006437336552,7.424904335174587,0.9933560337519276,0.7825,3.41666666666667,,1,0,1,0
38,"Žilina, Kaufland",RR8_Katarína Kuchtová,RR8,B - shopping,5.963960727969349,2.57,2.53,0.83,1808212.21,110528,122709.42,16.35976594166184,0.5543295883396341,16.35976594166184,0.0787136426943942,0.0742541543174501,0.17761614265603,8.777454356645523,0.9541672604182668,1.0,2.91666666666667,3.0,0,1,0,0
39,"Prešov, Kaufland",RR3_Jana Majernikova,RR3,B - shopping,6.549329501915708,3.13,3.25,0.84,2247321.16,139377,126149.9,16.12404600472101,0.5824648311503461,16.12404600472101,0.0865762778477518,0.0691088873041131,0.0826324460244515,7.149378689052704,0.7774538850414812,1.0,4.08333333333333,4.0,0,1,0,0
40,"Stará Ľubovňa, CBA",RR7_Ivana Iľanovská,RR7,D - street,2.203544061302682,0.6,0.8,0.81,715751.38,39991,54388.31,17.897811507589207,0.6256594014530577,17.897811507589207,0.1109898299832068,0.1126444788979654,0.0205278592375366,9.705286198926688,1.4712141902207636,1.0,0.75,1.0,0,0,0,1
41,"Žiar n.H., NsP 2",RR5_Juraj Hvorecky,RR5,E - poliklinika,6.901580459770115,4.27,2.54,0.78,2254679.66,89636,142343.23,25.153729082065244,0.7933636789893247,25.153729082065244,0.0782016579537761,0.0948608463796641,0.045196313596768,8.489087751347336,1.324901289761799,1.0,5.77083333333333,3.0,1,0,1,0
42,"Bratislava, Kaufland Petržalka",RR15_Miroslava Kolesárová,RR15,B - shopping,6.454501915708812,2.71,2.44,0.89,2367644.9,134175,129892.47,17.645946711384386,0.54839047865666,17.645946711384386,0.0932561718515083,0.0859928572226304,0.0951897331732988,6.8222780576754944,0.9184674727617944,1.0,3.3125,2.91666666666667,0,1,0,0
43,"Šaľa, Kaufland",RR11_Andrej Kukučka,RR11,B - shopping,7.332614942528736,2.64,3.98,0.76,1994111.9,139762,154566.53,14.267911878765329,0.4657275602236766,14.267911878765329,0.0914293578857324,0.0681089492267289,0.0629954461123292,9.77195284166844,1.8837543172746591,1.0,3.58333333333333,4.83333333333333,0,1,0,0
45,"Košice, Štúrova",RR1_Beata Kubanova,RR1,C - street +,4.991977969348659,2.49,1.66,0.83,2060350.74,93136,95159.81,22.121958641126955,0.6738586508819369,22.121958641126955,0.0964964503155066,0.0922366370350685,-0.0013842427038874,5.9192905436155625,0.6632522896312002,1.0,3.0,2.0,0,0,0,1
46,"Sereď, ProCare",RR14_Zsolt Balogh,RR14,E - poliklinika,3.3012452107279695,0.96,1.58,0.75,1160106.67,49619,71072.31,23.38029121908946,0.7568025878172048,23.38029121908946,0.0940817630264312,0.1170902890093879,0.0235565819861431,7.710330754653807,1.5014682305179623,1.0,1.75,2.0,1,0,1,0
47,"Brezno, TESCO",RR6_Jaroslav Vigh,RR6,B - shopping,4.2602969348659006,1.78,2.43,,1352352.4,83043,96159.61,16.28496562022085,0.4628874766665848,16.28496562022085,0.1209915674722609,0.1172591548686894,0.2767760826013253,9.151942904664203,1.2044952344324782,,2.41666666666667,3.0,0,1,0,0
48,"Čadca, TESCO",RR8_Katarína Kuchtová,RR8,B - shopping,3.9913793103448274,0.49,1.6,0.88,1138969.91,81440,90317.23,13.985386910609035,0.4036500402367961,13.985386910609035,0.1133885907782321,0.0904923740836755,0.1960167714884696,10.116600355445296,1.6904922951920187,1.0,0.916666666666667,2.25,0,1,0,0
49,"Nové Zámky, Kaufland",RR14_Zsolt Balogh,RR14,B - shopping,3.8896072796934864,0.85,2.53,0.75,1120226.59,84098,93647.41,13.320490261361746,0.3913080745565948,13.320490261361746,0.0970219977126916,0.0685530790304875,0.1069550848730659,10.748114692757795,2.4686603688884645,0.916666666666667,1.0,3.0,0,1,0,0
50,"Ban. Bystrica, centrum",RR6_Jaroslav Vigh,RR6,D - street,1.8395593869731803,,0.86,0.82,434328.33,25753,44351.79,16.86515473925368,0.4941437506505735,16.86515473925368,0.2209888183709595,0.2311445343753149,0.087890625,13.014840841758495,2.622563574661232,1.0,,1.0,0,0,0,1
51,"Gelnica, NsP",RR3_Jana Majernikova,RR3,E - poliklinika,2.252873563218391,2.35,,0.1,826292.73,24891,49662.04,33.19644570326624,0.818731105137522,33.19644570326624,0.1096038192207538,0.1511735974931741,-0.0477891916033943,7.467637904154178,1.5303143719289412,0.13,2.91666666666667,,1,0,1,0
52,"Sereď, Kaufland",RR14_Zsolt Balogh,RR14,B - shopping,4.553879310344827,1.28,2.22,0.75,1674055.72,121395,99569.29,13.790153795461098,0.4152581432594131,13.790153795461098,0.0875805483176871,0.0715444113763746,0.0756845352873119,7.639813657476034,0.6394025870552629,1.0,1.66666666666667,3.0,0,1,0,0
54,"Malacky, Kaufland",RR16_Robert Kardoš,RR16,B - shopping,6.01640325670498,2.88,3.29,0.85,2175358.09,137029,131670.08,15.875165767830168,0.4709848712769859,15.875165767830168,0.084028107951889,0.0720509534076724,-0.8938612099644128,8.261437134868716,0.8927520863978651,1.0,3.41666666666667,4.0,0,1,0,0
55,"Bratislava, Kaufland Rača",RR13_Slavomír Bodnár,RR13,B - shopping,4.286637931034483,2.49,1.71,0.9,1442169.48,84490,100976.03,17.069114451414368,0.4564834848675345,17.069114451414368,0.2173604991449009,0.1896802232172387,0.1243899221738557,9.272157563044049,1.340475611933218,1.0,3.0975,2.08333333333333,0,1,0,0
56,"Galanta, TESCO",RR11_Andrej Kukučka,RR11,B - shopping,4.704022988505747,2.58,0.96,0.86,1640048.73,100385,110292.59,16.33758758778702,0.5398692269344948,16.33758758778702,0.0863474944109192,0.0611926130956899,0.1639106819553409,8.666224063176896,1.621616917998019,1.0,3.0,1.16666666666667,0,1,0,0
57,Ľubochňa,RR6_Jaroslav Vigh,RR6,D - street,0.9566570881226054,,,0.88,452842.38,17022,30789.1,26.603359182234755,0.7302581529582103,26.603359182234755,0.1155843048703079,0.1523703716191763,0.0907811400422237,8.681913309180583,1.3402931135178475,1.0,,,1,0,0,1
58,"Stropkov, poliklinika",RR2_Silvia Mastikova,RR2,E - poliklinika,1.9909003831417624,0.74,0.73,0.72,657283.77,31307,44968.44,20.99478615006229,0.7720501146711716,20.99478615006229,0.0986238714034237,0.0709597945405768,0.0944283646888567,8.341075537815835,1.5381564113381538,0.855,0.916666666666667,1.0,1,0,1,0
59,"Lučenec, Prior",RR5_Juraj Hvorecky,RR5,D - street,3.024664750957854,0.87,1.51,0.74,723392.4,45000,61741.54,16.075386666666667,0.6136009031889194,16.075386666666667,0.1185419314211502,0.0952753118625441,0.136515268154991,11.016174310168251,2.2570612965653254,1.0,1.0,1.91666666666667,0,0,0,1
61,"Komárno, Kaufland",RR14_Zsolt Balogh,RR14,B - shopping,5.73323754789272,2.59,2.42,0.82,2275797.1,142402,127952.19,15.981496748641172,0.4740549278316595,15.981496748641172,0.0676407394474107,0.054894193334087,0.166985064258423,7.638128501090594,0.7386090622672875,1.0,3.0,3.0,0,1,0,0
62,"Dubnica nV, TESCO",RR9_Andrej Jakubík,RR9,B - shopping,3.8421934865900385,0.87,1.82,0.95,1116372.77,75622,82399.32,14.762539604876888,0.4185935760507666,14.762539604876888,0.1177543079457429,0.0914254578209469,0.129901179470832,9.93970742663324,1.3403842208148664,1.0,1.0,2.0,0,1,0,0
63,"Kežmarok, TESCO",RR7_Ivana Iľanovská,RR7,B - shopping,3.8522509578544057,0.87,1.54,0.82,985307.69,75345,85202.51,13.077280376932777,0.4859011401808911,13.077280376932777,0.1103556903433208,0.0909576069784179,0.0996097064313592,10.58753585689634,1.666519450717785,1.0,1.0,2.08333333333333,0,1,0,0
64,"Piešťany, Kaufland",RR12_Alena Romanová,RR12,B - shopping,3.896072796934866,1.88,1.82,0.08,1560579.38,104091,98541.48,14.992452565543612,0.488140692977758,14.99245256554361,0.0997141528204464,0.0768467832260419,0.1506196377502383,8.21247997854433,1.0305325838576014,0.42,2.25,2.83333333333333,0,1,0,0
65,"Nové Zámky, CBA",RR14_Zsolt Balogh,RR14,B - shopping,2.4018199233716473,0.7,,0.86,875194.85,48240,58000.55,18.14251347429519,0.5887247736889676,18.14251347429519,0.1145239999900037,0.102688970990625,0.1399841227838052,8.330212502231051,0.981383864625826,1.0,1.0,,0,1,0,0
66,"Žiar n.H., TESCO",RR5_Juraj Hvorecky,RR5,B - shopping,3.914032567049808,0.93,2.97,0.82,894251.73,65931,100256.45,13.563448605360149,0.4100256870624114,13.563448605360149,0.1249466681563858,0.0942786631190338,0.2938324282389449,14.171574914968769,3.476413002212452,0.855,1.08333333333333,3.66666666666667,0,1,0,0
67,"Stará Ľubovňa, Kaufland",RR7_Ivana Iľanovská,RR7,B - shopping,6.730842911877395,3.45,3.36,0.84,2247429.14,159593,136599.97,14.08225385825193,0.4852921369525358,14.08225385825193,0.0721040897923402,0.0751762858588232,0.2221864951768488,7.887578565675732,1.0551151225518558,1.0,4.66666666666667,4.0,0,1,0,0
68,"Rožňava, CBA",RR4_Radovan Kalmar,RR4,D - street,1.9013409961685823,,0.82,0.83,639134.2,37496,46372.0,17.045396842329847,0.5644571046268531,17.045396842329847,0.1046679471219731,0.0950569792833516,0.0951405152224824,9.156487336259469,1.0385144698862292,1.0,,1.0,0,0,0,1
69,"Košice, Billa",RR1_Beata Kubanova,RR1,B - shopping,4.432231800766283,1.68,1.72,0.82,1230303.6,76828,84138.18,16.01373978237101,0.5144828073330843,16.01373978237101,0.1131002852533623,0.0893801105073964,0.1760840998685939,8.65027286902104,1.3413209932510393,1.0,2.16666666666667,2.0,0,1,0,0
70,"Trenčín, Kaufland",RR9_Andrej Jakubík,RR9,B - shopping,5.237068965517241,1.64,2.71,0.87,1398074.12,93110,107677.55,15.015295027386962,0.4831748691550058,15.015295027386962,0.0955090306426549,0.0842876319052586,-0.0150621312915777,9.709470245403391,1.0018114536809188,1.0,2.0,3.25,0,1,0,0
71,"Košice, Kaufland Galeria",RR3_Jana Majernikova,RR3,B - shopping,7.307471264367816,3.93,2.53,0.86,2664251.65,158141,150879.12,16.847317583675327,0.5601783562750162,16.847317583675327,0.0969233690878408,0.0771723905976237,0.0334318034440521,7.314083273012693,0.8536939149783391,1.0,4.30416666666667,3.0,0,1,0,0
72,"Ružomberok, Kaufland",RR6_Jaroslav Vigh,RR6,B - shopping,5.830579501915709,2.86,2.0,0.93,2342660.82,142653,127639.3,16.42209291076949,0.5222799688091424,16.42209291076949,0.0905519740227335,0.0743673166413675,0.0912417865757298,7.658805490942097,0.8184154405010756,1.0,3.25,2.5,0,1,0,0
73,"Spiš.N.Ves, Kaufland",RR3_Jana Majernikova,RR3,B - shopping,5.317528735632184,2.8,1.8,0.84,1570904.76,117459,106195.04,13.374068909151278,0.5427380397014011,13.374068909151278,0.1713117834623259,0.1500892770008454,0.1442169907881269,8.813987610730775,2.7469579732023406,1.0,3.25,2.0,0,1,0,0
74,"Martin, Kaufland",RR8_Katarína Kuchtová,RR8,B - shopping,6.362308429118774,2.39,2.57,0.69,2197056.09,126487,133958.45,17.369817372536307,0.5868114454920449,17.369817372536307,0.0815247216955237,0.082396912512857,0.2588561453948044,7.506009988597757,0.9793726312645022,1.0,2.75,2.97916666666667,0,1,0,0
76,"Bardejov, Hypernova",RR2_Silvia Mastikova,RR2,B - shopping,3.7064176245210727,1.81,1.61,0.86,1283613.5,62321,68504.35,20.596805250236677,0.6578077357397689,20.596805250236677,0.1268662122374617,0.2857661046036221,0.7642000452591083,7.272272340982371,1.1416049785325806,1.0,2.125,2.0,0,1,0,0
77,"Trnava, Kaufland",RR12_Alena Romanová,RR12,B - shopping,4.864942528735632,1.4,2.45,0.78,1931775.48,128303,115313.45,15.056354722804612,0.5010114632990372,15.056354722804612,0.0940953163964979,0.0727263719172467,0.1484547992683161,7.630050952485419,1.159152835832408,1.0,1.58333333333333,3.0,0,1,0,0
78,"Trenčín, poliklinika",RR9_Andrej Jakubík,RR9,E - poliklinika,3.1652298850574714,2.34,,0.83,2095687.26,49171,70158.57,42.62039128754754,0.847836208156364,42.62039128754754,0.098888118962599,0.0893253333443998,0.0276551243318614,4.137295595786567,0.6203053906531032,1.0,2.83333333333333,,1,0,1,0
79,"Kremnica, poliklinika",RR5_Juraj Hvorecky,RR5,E - poliklinika,2.36566091954023,0.79,0.87,0.68,850709.78,35523,54490.13,23.94814007825916,0.7159176893440674,23.94814007825916,0.0961235776378815,0.0935485208215213,-0.0314017481385561,8.305236091977662,1.32940849997826,0.855,1.0,1.0,1,0,1,0
80,"Ban. Bystrica, Kaufland",RR6_Jaroslav Vigh,RR6,B - shopping,4.8951149425287355,1.1,2.56,0.75,1504326.42,93767,104808.47,16.04323930593919,0.4937433725321397,16.04323930593919,0.0947805770303524,0.0770177226231097,0.16068749147456,9.103386847402602,1.0872134008511602,1.0,1.5,3.0,0,1,0,0
81,"Trebišov, mesto",RR1_Beata Kubanova,RR1,C - street +,2.272988505747126,0.87,0.83,0.11,435278.5,25004,36036.33,17.408354663253878,0.5952214042274084,17.408354663253878,0.1840081674994868,0.1340868529440687,-0.083266291230893,10.61227495759132,1.8910587741500129,0.13,1.0,1.0,0,0,0,1
82,"Dunajská Streda, Kaufland",RR14_Zsolt Balogh,RR14,B - shopping,5.354406130268199,2.85,2.49,0.21,2148753.53,135369,123728.63,15.873305779018828,0.476379108031064,15.873305779018828,0.0713541529695704,0.0498495598084091,0.1419291688912617,7.988017699617756,0.8128948309059871,0.24,3.66666666666667,3.16666666666667,0,1,0,0
83,"Bratislava, ProCare",RR13_Slavomír Bodnár,RR13,E - poliklinika,1.4377394636015326,0.49,,0.73,285970.4,15046,37580.34,19.006407018476672,0.6393896710988269,19.006407018476672,0.1817249297657155,0.1665386553955519,0.0154043645699614,15.10485513644296,3.671882527305689,1.0,0.666666666666667,,0,0,1,0
84,"Senica, Kaufland",RR16_Robert Kardoš,RR16,B - shopping,5.332375478927203,1.67,2.97,0.82,1526822.35,102594,116311.34,14.882179757100806,0.4580686417119843,14.882179757100806,0.0911178677127807,0.0762070099254943,0.0948515769944341,9.740317687533384,0.9009703689883856,1.0,2.0,3.5,0,1,0,0
85,"Štúrovo, OC Aquario",RR14_Zsolt Balogh,RR14,B - shopping,3.4942528735632186,0.37,1.6,0.87,1111456.14,79276,79166.67,14.020083505726827,0.3983293933667953,14.020083505726827,0.1061314493623257,0.1769322432382217,0.1074141598298389,8.99754150172912,1.1996367234812877,1.0,0.583333333333333,2.0,0,1,0,0
86,"Kežmarok, Kaufland",RR7_Ivana Iľanovská,RR7,B - shopping,4.270474137931034,1.66,1.76,0.88,1493678.38,102888,87449.28,14.51751788352383,0.5313638602709105,14.51751788352383,0.0970947031581339,0.0847594365749062,0.1552035033487893,7.688649249310814,0.8060652865777186,1.0,2.08333333333333,2.0,0,1,0,0
87,"Trebišov, Kaufland",RR1_Beata Kubanova,RR1,B - shopping,4.898706896551724,1.68,2.39,0.88,1514783.0,120111,95565.39,12.61152600511194,0.4539864851929286,12.61152600511194,0.1576186335957443,0.1557541699917508,1.1570422535211269,8.406795264929023,1.76068425813534,1.0,2.0,3.0,0,1,0,0
88,"Zvolen, poliklinika",RR5_Juraj Hvorecky,RR5,E - poliklinika,2.308668582375479,0.66,0.92,0.9,792386.5,27925,50420.85,28.375523724261413,0.7381217373087503,28.375523724261413,0.0845104392693027,0.1488321991477709,0.0696956329951477,8.334941602914197,0.912537675274788,1.0,0.75,1.25,1,0,1,0
89,"Košice, žel.nemocnica",RR1_Beata Kubanova,RR1,E - poliklinika,4.712164750957855,3.26,1.53,0.83,1976139.61,63975,99223.15,30.88924751856194,0.8441563195021429,30.88924751856194,0.1288364555082238,0.1120306636223875,-0.0269674355495251,6.155279132529267,1.0701674278523203,1.0,4.33333333333333,2.0,1,0,1,0
90,"Zlaté Moravce, Tesco",RR11_Andrej Kukučka,RR11,B - shopping,4.722222222222222,1.79,1.64,0.87,1682755.19,104445,102961.43,16.11140016276509,0.5316108459008824,16.11140016276509,0.1360625568805126,0.116080059736353,0.0970727756566007,7.795740433537809,1.0959957288993305,1.0,2.16666666666667,2.0,0,1,0,0
91,"Rimavská Sobota, TESCO",RR5_Juraj Hvorecky,RR5,B - shopping,4.211206896551724,0.78,2.12,0.84,1165500.4,85283,95083.45,13.66626877572318,0.4744160448164582,13.66626877572318,0.0938043458686915,0.095129323340435,0.0877240630092341,10.087144274063876,1.1922348693457694,1.0,1.0,3.33333333333333,0,1,0,0
92,"Lipt. Mikuláš, Kaufland",RR7_Ivana Iľanovská,RR7,B - shopping,4.327586206896552,1.7,1.71,0.83,1638548.62,95112,91011.79,17.22756981243166,0.5303484555740555,17.22756981243166,0.0905278687679973,0.094712551230324,0.0728155339805825,7.281626064900094,0.7190067933992113,1.08333333333333,2.08333333333333,2.08333333333333,0,1,0,0
93,"Brezno, Kaufland",RR6_Jaroslav Vigh,RR6,B - shopping,3.8584770114942537,0.82,1.72,0.87,1038568.57,75487,87798.27,13.75824406851511,0.4638746963043566,13.758244068515108,0.1195712443190917,0.1079195955624968,0.1822421524663677,10.475875362279394,1.4623152426951602,1.0,1.0,2.0,0,1,0,0
94,"Lučenec, Kaufland",RR4_Radovan Kalmar,RR4,B - shopping,4.579980842911877,1.6,2.48,0.86,1244627.75,92898,97506.1,13.397788434627223,0.4869548344876611,13.397788434627223,0.099826478857173,0.0976089990095216,0.103176758077654,10.215329029153931,1.2711254863847945,1.0,2.0,3.0,0,1,0,0
96,Nová Baňa,RR5_Juraj Hvorecky,RR5,D - street,1.935823754789272,0.24,0.8,0.7,562927.49,27204,52189.7,20.692820541096896,0.6006532919541734,20.692820541096896,0.1298120511656528,0.1000984980193956,0.4277996070726915,12.087173001325365,2.60803294913849,1.16666666666667,0.333333333333333,1.04166666666667,0,0,0,1
97,"Trebišov, Nemocnica s pol.",RR1_Beata Kubanova,RR1,E - poliklinika,3.865421455938697,3.13,2.26,0.81,1499991.97,59833,63370.69,25.069643340631423,0.8202911379585585,25.069643340631423,0.1329861623228898,0.1274048208701217,0.0114352005303281,5.387652412786957,0.818226705293089,1.0,3.91666666666667,3.0,1,0,1,0
98,"Spiš.N.Ves, poliklinika",RR3_Jana Majernikova,RR3,E - poliklinika,2.4250478927203067,2.45,0.8,0.81,1193531.57,44295,62053.12,26.94506309967265,0.8224930321700665,26.94506309967265,0.133047481722579,0.1885303429455802,0.0413918580850579,6.690584314145109,1.2260524149646317,1.0,3.0,1.0,1,0,1,0
99,"Bratislava, Štúrova",RR15_Miroslava Kolesárová,RR15,C - street +,2.0428639846743297,0.84,0.62,0.11,298611.53,18036,35764.62,16.556416611222,0.4048834283123628,16.556416611222,0.1083001050720443,0.1276685670142005,0.0807453416149068,15.14745877667776,2.9170753548440604,0.13,1.0,0.833333333333333,0,0,0,1
100,"Sabinov, Nám. Slobody",RR2_Silvia Mastikova,RR2,D - street,1.128831417624521,,,0.85,486235.51,28379,38685.09,17.133637901265022,0.6261123750505182,17.133637901265022,0.1247184525434058,0.0986322122456906,0.203618005889777,10.065798190035698,1.3466177165867634,1.0,,,0,0,0,1
101,"Poprad, nám. sv. Egídia",RR7_Ivana Iľanovská,RR7,D - street,2.0172413793103448,0.15,0.88,0.46,395105.9,25875,38469.39,15.269793236714976,0.5670309909317983,15.269793236714976,0.1421114279227149,0.1554102142365342,0.0383411580594679,12.04837825342726,2.76512309039494,0.75,0.166666666666667,1.0,0,0,0,1
102,"Trebišov, M.R.Štefánika",RR1_Beata Kubanova,RR1,E - poliklinika,3.5028735632183903,2.63,,0.87,2439655.3,68096,77511.07,35.826704945958646,0.8540336702484158,35.826704945958646,0.0840378407693548,0.103974213455575,-0.0410651267244145,4.108728310579683,0.5032039715426856,1.0,3.33333333333333,,1,0,1,0
103,"Trebišov, SNP",RR1_Beata Kubanova,RR1,E - poliklinika,2.1702586206896552,1.2,,0.87,961638.29,34183,53934.0,28.132062428692628,0.832891200702917,28.132062428692628,0.1276630769957249,0.1351738792612149,-0.1684446939921392,7.064428207133935,1.0091510468242706,1.0,1.5,,1,0,1,0
104,Kráľovský Chlmec,RR1_Beata Kubanova,RR1,E - poliklinika,4.275143678160919,1.92,1.63,0.68,2276340.01,69123,90004.32,32.931730538315755,0.809045349951917,32.931730538315755,0.0908577977018931,0.0685985245960658,0.1184587813620071,4.934851390678622,0.653398462754302,1.0,2.58333333333333,2.08333333333333,1,0,1,0
105,"Košice, Tomášiková",RR4_Radovan Kalmar,RR4,E - poliklinika,3.1502634099616857,1.23,1.68,0.19,714215.12,29299,54032.06,24.37677463394655,0.7817643233316034,24.37677463394655,0.1022751427000307,0.0927466410265325,-0.0607755406413124,9.602961026573055,1.44769753840298,0.25,1.58333333333333,2.0,1,0,1,0
106,"Bardejov, pri nemocnici",RR2_Silvia Mastikova,RR2,C - street +,1.5871647509578544,0.81,,0.78,705965.3,26417,40988.59,26.723901275693684,0.8308855831865957,26.723901275693684,0.1158654744345698,0.1155293131034899,-0.2032640949554896,7.140411595602135,1.1934783295823486,1.0,1.0,,1,0,0,1
107,"LIDL,KARLOVA VES",RR16_Robert Kardoš,RR16,B - shopping,6.19683908045977,3.34,2.72,0.26,1541020.42,86619,111405.49,17.79078978053314,0.4738024302104965,17.79078978053314,0.1055962994035283,0.134195650220782,0.3654598825831702,8.990572084605473,1.2198203919919917,0.358333333333333,3.875,3.125,0,1,0,0
109,"Žilina, R. Zaymusa",RR8_Katarína Kuchtová,RR8,C - street +,1.9513888888888888,,0.87,0.87,603941.56,30296,44286.04,19.93469632954846,0.6219311020755055,19.93469632954846,0.146182392888338,0.1524661797484919,-0.0578911095796002,9.107843294035842,1.798132448143298,1.0,,1.0,0,0,0,1
110,"Trenčín, OC MAX",RR9_Andrej Jakubík,RR9,A - shopping premium,2.8397988505747125,0.87,1.54,0.61,467683.23,28543,54370.34,16.385216340258555,0.5198374977011684,16.385216340258555,0.1534648129581917,0.1081664079374186,0.0598988720342279,15.084730084598933,2.136757032143428,0.75,1.0,2.0,0,1,0,0
111,"Levice, Na Bašte",RR11_Andrej Kukučka,RR11,D - street,2.079022988505747,1.38,0.22,0.74,669128.77,33728,59240.06,19.838969698766604,0.6243620491762744,19.838969698766604,0.1208964758469023,0.0891578057737263,-0.0194825934206323,11.18792043787881,1.6339972230094002,1.0,1.66666666666667,0.25,0,0,0,1
112,"Lipt. Mikuláš, Nám. osloboditeľov",RR7_Ivana Iľanovská,RR7,C - street +,3.215756704980843,1.54,0.83,0.85,1035639.05,36054,66891.4,28.724664392300436,0.7764859388027132,28.72466439230044,0.0880928514549463,0.1010242283125874,0.0116425424795468,8.121230456513702,1.2520874579926402,1.25,2.0,1.0,1,0,0,1
113,Púchov,RR9_Andrej Jakubík,RR9,D - street,2.125239463601533,0.47,0.84,0.57,684821.3,35190,46667.65,19.460679170218818,0.6283513523893022,19.460679170218818,0.1368980746516686,0.1035438307099332,0.1002710027100271,8.813824968418116,1.6158086796102,0.793333333333333,0.75,1.0,0,0,0,1
126,"Šaľa, Hlavná",RR11_Andrej Kukučka,RR11,C - street +,3.707614942528736,0.96,1.74,0.76,948419.72,48467,74468.32,19.568360327645618,0.5936629512511613,19.568360327645618,0.1137435847434559,0.0730532695941077,0.0564984887235526,9.579898076109007,1.2480018519788465,1.0,1.04166666666667,2.0,0,0,0,1
127,"Žilina, Národná",RR8_Katarína Kuchtová,RR8,D - street,3.5259818007662833,1.33,0.97,0.86,1078621.35,61705,69369.41,17.480290900251198,0.5756611715501458,17.480290900251198,0.1502547472488561,0.149312302098701,-0.0501249219237976,8.175645299251403,1.1295277961979182,1.0,1.58333333333333,2.0,0,0,0,1
129,"Ban. Bystrica, ProCare",RR6_Jaroslav Vigh,RR6,E - poliklinika,3.156609195402299,0.85,1.69,0.82,2936957.55,25229,64762.81,116.41196836973324,0.9156911954685896,116.41196836973324,0.1616781720863481,0.0984585326638327,0.100990099009901,2.8378661951371957,0.5318558682306691,1.0,1.0,2.0,1,0,1,0
130,"Košice, Hlavná",RR3_Jana Majernikova,RR3,C - street +,1.932471264367816,0.23,0.64,0.77,371006.43,20927,40295.15,17.728600850575813,0.6077740215984936,17.728600850575813,0.1374543092818747,0.1392734909602365,0.0618503118503118,13.33897370240878,2.4109730472482425,1.0,0.25,1.25,0,0,0,1
131,"Revúca, M.R.Štefánika",RR4_Radovan Kalmar,RR4,C - street +,3.794061302681993,1.42,1.5,0.78,1385152.83,60096,80483.52,23.049002096645367,0.7466655791332426,23.049002096645367,0.0836070299694393,0.0705670628594227,0.1166064295225413,7.491979213032159,0.8885966442391784,1.0,1.81,2.0,1,0,0,1
132,Šahy,RR11_Andrej Kukučka,RR11,D - street,3.7440134099616857,1.56,1.55,0.76,1238275.09,56481,78542.42,21.923745861440132,0.6524925733586387,21.923745861440132,0.0810292225411889,0.077331608897788,0.0643237486687965,8.745023890783466,0.8788574402630436,1.0,2.0,2.0,0,0,0,1
134,"Poprad, Francisciho",RR7_Ivana Iľanovská,RR7,D - street,1.823036398467433,0.38,0.71,0.57,447896.08,21966,36540.45,20.390425202585813,0.6967590785791203,20.390425202585813,0.1165399625225587,0.1241475895689595,0.1334056399132321,10.011684999288084,1.8435435726601992,1.0,0.5,1.0,0,0,0,1
135,Vrútky,RR8_Katarína Kuchtová,RR8,D - street,2.1987547892720305,0.4,0.82,0.8,617803.66,28256,46050.66,21.86451231596829,0.7374223390000635,21.86451231596829,0.1274384645384748,0.1105907478428974,0.1397941680960548,9.24784634690375,1.8855775991745745,1.0,0.5,1.0,1,0,0,1
136,"Rožňava, nemocnica",RR4_Radovan Kalmar,RR4,E - poliklinika,4.380986590038314,2.22,3.38,0.86,1718307.54,65842,87072.93,26.097438413170924,0.7946080129520935,26.097438413170924,0.0877973309761798,0.1098474118012282,-0.1491873396065013,6.538484679687975,1.2880820667891113,1.0,2.91666666666667,4.08333333333333,1,0,1,0
138,"Hlohovec, nemocnica",RR12_Alena Romanová,RR12,E - poliklinika,2.6257183908045976,0.86,0.84,0.84,869843.62,41965,60139.09,20.72783557726677,0.7142559486727053,20.72783557726677,0.1395251613667061,0.1232261966847409,0.0757756563245823,8.782616156991095,1.516330927832529,1.0,1.0,1.0,1,0,1,0
141,"Čadca, Kaufland",RR8_Katarína Kuchtová,RR8,B - shopping,4.73323754789272,1.68,2.16,0.81,1347444.84,102959,102002.68,13.087198205110774,0.4000401530351327,13.087198205110774,0.0937346150115405,0.08062092748685,0.146546686922987,9.483389265540582,1.0536653125903483,1.0,2.04166666666667,2.75,0,1,0,0
143,"Sabinov, Kaufland Bernolaková",RR2_Silvia Mastikova,RR2,B - shopping,4.760057471264368,1.82,2.65,0.67,1234302.9,97737,83146.93,12.628819177998096,0.4174439191546905,12.628819177998096,0.0933215973050107,0.0942642773795337,0.2069502074688796,8.774529148299068,0.9472047741746122,0.833333333333333,2.08333333333333,3.0,0,1,0,0
144,Nemocnica Dunajská Streda,RR14_Zsolt Balogh,RR14,E - poliklinika,6.8022030651340994,4.22,3.54,0.66,3326201.5300000003,91314,144370.41,36.42597553496726,0.8322920138876851,36.42597553496726,0.0979139589695522,0.0862084209847237,-0.0040914560770156,5.526786902473639,0.7112664490884837,1.0,5.66666666666667,5.08333333333333,1,0,1,0
145,"Bratislava, Kaufland",RR16_Robert Kardoš,RR16,B - shopping,4.9897030651341,1.7,2.32,0.72,1564466.0,87463,111133.51,17.887175148348444,0.4335322084340599,17.887175148348444,0.1247801171528546,0.1007562110076034,0.080158264947245,8.6646869802721,1.2380914205717166,0.916666666666667,2.16666666666667,2.66666666666667,0,1,0,0
146,"Bratislava, Kaufland Podunajské B.",RR13_Slavomír Bodnár,RR13,B - shopping,5.438697318007662,1.74,2.66,0.9,1659595.11,109304,108006.77,15.183297134597083,0.4083702379672594,15.183297134597089,0.1049729412952308,0.0707100056169802,0.1170556552962298,8.47005872323173,0.9249054787031636,1.16666666666667,2.08333333333333,3.08333333333333,0,1,0,0
149,"Vranov nad Topľou, Kaufland",RR2_Silvia Mastikova,RR2,B - shopping,4.24712643678161,1.81,1.7,0.85,1531248.54,107758,82369.43,14.210068301193417,0.5030731457872933,14.210068301193417,0.2239432093387499,0.2051951928215689,1.6514187866927592,7.653203733762556,2.313300044114511,1.0,2.25,2.0,0,1,0,0
151,"Bratislava, Bory",RR16_Robert Kardoš,RR16,A - shopping premium,6.632183908045977,3.46,3.26,0.83,2128079.25,131889,138802.53,16.135380888474398,0.2707017889488843,16.135380888474398,0.1537233848989338,0.1780289784460752,0.0934245297683817,8.3612164519427,0.8438266684126013,1.0,3.91666666666667,3.91666666666667,0,1,0,0
159,"Bratislava, Hl. stanica",RR16_Robert Kardoš,RR16,D - street,2.348419540229885,0.76,0.77,0.82,461217.7,27485,46477.68,16.780705839548844,0.5325343108037701,16.780705839548844,0.2530267606520531,0.255173986282204,-0.7529330572808833,14.13778791145645,7.252569496197908,1.0,1.66666666666667,1.0,0,0,0,1
161,"Bratislava, OC Dubrawa",RR16_Robert Kardoš,RR16,B - shopping,3.9337883141762457,1.75,1.71,0.11,905694.84,60085,74187.72,15.07355979029708,0.4074401042187676,15.07355979029708,0.1075107264405892,0.0849386426687683,0.1934260429835651,10.533394827030278,1.4375718771764427,0.13,2.0,2.0,0,1,0,0
162,"Bardejov, Kaufland",RR2_Silvia Mastikova,RR2,B - shopping,4.267001915708812,1.61,1.68,0.87,1556934.0,101242,91212.33,15.37834100472136,0.5290710910032153,15.37834100472136,0.088639782080567,0.0840540085948324,0.0384391380314502,7.985517686567547,0.7371118278957157,1.0,2.08333333333333,2.41666666666667,0,1,0,0
163,"Rožňava, Kaufland",RR4_Radovan Kalmar,RR4,B - shopping,5.01580459770115,1.6,2.38,0.86,1463999.96,96810,101673.37,15.122404297076748,0.4800520144822955,15.122404297076748,0.096867745151171,0.0700395120408522,0.060024906600249,8.951636726315504,0.938018949961434,1.0,2.0,3.0,0,1,0,0
164,"Prešov, Sekčov",RR2_Silvia Mastikova,RR2,E - poliklinika,4.2098898467432955,1.66,1.72,0.81,1555586.0,58981,82185.94,26.37435784405147,0.8110193971917979,26.37435784405147,0.1027269381201266,0.1202956773975577,0.0713997579669221,6.403911286143885,0.6902278744063198,1.0,2.0,2.0,1,0,1,0
174,Kaufland Košice,RR4_Radovan Kalmar,RR4,B - shopping,5.2011494252873565,2.5,2.57,0.85,1634289.45,106008,105443.99,15.41666147837899,0.4872653066444258,15.41666147837899,0.0925301819476252,0.0752819257319271,0.1581853096495439,8.864263527457153,1.2705815573823476,1.0,3.0,3.0,0,1,0,0
175,Kaufland Prievidza,RR10_Mário Mantuano,RR10,B - shopping,4.789750957854406,1.75,2.58,0.66,1185947.44,88691,99445.26,13.371677396804635,0.4156680670435108,13.371677396804635,0.1006089407545145,0.0821217568959549,0.2271799358413531,10.592486124863504,1.4753999293414934,1.08333333333333,2.0,3.22916666666667,0,1,0,0
176,Gelnica,RR3_Jana Majernikova,RR3,C - street +,1.9288793103448276,0.84,,0.85,458800.24,20613,45539.87,22.257810119827298,0.746162556497355,22.257810119827298,0.0829582181050967,0.0798198356984608,-0.0201591511936339,11.427429832886732,1.3681935292624692,1.0,1.08333333333333,,1,0,0,1
177,"TESCO, Považská Bystrica",RR9_Andrej Jakubík,RR9,B - shopping,6.730603448275863,2.73,3.12,0.77,2614515.11,155649,139653.02,16.79750663351515,0.499755050182135,16.79750663351515,0.0883825664085328,0.0684386972216594,0.2105220754108926,7.0253165938997455,0.8816723881951284,1.0,3.41666666666667,3.75,0,1,0,0
178,"TESCO, Rožnava",RR4_Radovan Kalmar,RR4,B - shopping,5.086685823754789,2.04,1.3,0.81,1600858.13,116283,104748.63,13.766914596286645,0.5314159787538449,13.766914596286645,0.0830899172011807,0.0773019355742757,0.0718004125331499,8.252812658347802,0.950050043596472,1.08333333333333,2.58333333333333,1.83333333333333,0,1,0,0
180,Trnava,RR12_Alena Romanová,RR12,E - poliklinika,2.0644157088122608,0.47,,0.87,698122.52,35636,54064.25,19.590372656863845,0.6273258310016987,19.590372656863845,0.0811504491732914,0.0917143905316223,0.0812479688007799,9.40917204926062,1.6775495267621847,1.0,0.666666666666667,,0,0,1,0
181,Detva,RR5_Juraj Hvorecky,RR5,C - street +,2.1472701149425286,0.77,0.77,0.17,762719.72,29917,56554.82,25.494525520607013,0.7496219581158857,25.494525520607013,0.1101787471531239,0.1115940552794232,0.1620477290223248,9.056534643198525,1.2742563811138656,0.18,1.33333333333333,1.0,1,0,0,1
182,"Michalovce, modular",RR1_Beata Kubanova,RR1,E - poliklinika,2.376436781609195,0.85,0.87,0.71,937960.45,31731,51829.8,29.55975071696448,0.8233269110653867,29.55975071696448,0.1159621120467207,0.1111356525265509,0.2528317152103559,7.147048872464185,0.8647576092239844,1.0,1.0,1.0,1,0,1,0
183,Nitra,RR11_Andrej Kukučka,RR11,C - street +,2.5893199233716473,0.82,1.73,0.82,1299868.83,39636,67703.49,32.79515667574932,0.7348234898439714,32.79515667574932,0.1749198791090014,0.1093600906366661,-0.0329732802728823,7.245288023843592,1.4181692987796406,1.0,1.0,2.0,1,0,0,1
184,"Žilina, Mirage",RR8_Katarína Kuchtová,RR8,B - shopping,3.0529214559386975,0.86,1.46,0.82,633615.66,43576,58556.1,14.54047319625482,0.52106497809729,14.54047319625482,0.1328779498672453,0.1501604005341484,0.1191318707242274,11.407714668338528,2.1054419096160717,0.9375,1.0,1.79166666666667,0,1,0,0
192,"Nitra, BILLA",RR11_Andrej Kukučka,RR11,B - shopping,5.179358237547893,1.8,2.06,0.85,1782026.41,95542,104242.43,18.65175954030688,0.568651308596487,18.65175954030688,0.1124477830784865,0.1085161054615854,0.05470946579194,7.437315215041661,1.2067368030008845,1.0,2.25,2.66666666666667,0,1,0,0
194,"Billa, Handlová",RR10_Mário Mantuano,RR10,B - shopping,4.136733716475096,0.73,2.32,0.69,989298.84,60682,93168.65,16.303003196994165,0.5818884109881297,16.303003196994165,0.088582229714177,0.0803602877481241,0.1236811254396248,11.167653986098449,1.1652664959373806,1.0,1.0,3.0,0,1,0,0
195,"Kaufland, Poprad",RR7_Ivana Iľanovská,RR7,B - shopping,5.15493295019157,2.36,1.68,0.84,1837036.24,116425,109841.66,15.778709383723427,0.5687808260113584,15.778709383723427,0.1045399181195776,0.0845772885680522,0.1868993703744615,7.477086392233541,0.9839692626595606,1.0,2.66666666666667,2.0,0,1,0,0
196,"Bratislava, Eurovea",RR15_Miroslava Kolesárová,RR15,A - shopping premium,6.065852490421456,3.04,3.58,0.2,1633547.89,101486,123018.94,16.09628805943677,0.2589446092088552,16.09628805943677,0.2429212598170851,0.2894763173540194,0.0035053028941218,9.30378527233916,1.1457975370535152,0.720833333333333,3.53333333333333,4.355,0,1,0,0
197,"Bratislava, Central",RR15_Miroslava Kolesárová,RR15,A - shopping premium,10.236350574712644,5.74,4.5,0.77,2678649.6799999997,117390,207456.58,22.81838044126416,0.554271844909559,22.81838044126416,0.131310280344449,0.1396400493880692,-0.006265345864025,9.170469561165731,1.2236891171156796,1.0,7.41666666666667,5.25166666666667,0,1,0,0
198,"Bratislava, podchod Trnavské mýto",RR15_Miroslava Kolesárová,RR15,D - street,4.142001915708812,1.72,1.89,0.75,996686.21,65059,80227.57,15.319728400375045,0.4916013034834705,15.319728400375045,0.1050914972513989,0.1073626998684939,0.0923052053022955,9.57835236045231,1.2195921793451523,1.0,2.0,2.23,0,0,0,1
201,Turany,RR8_Katarína Kuchtová,RR8,C - street +,1.362068965517241,0.58,,0.63,551246.71,21792,37824.59,25.295829203377384,0.7894178633737334,25.295829203377384,0.130587166219527,0.1872741341993344,0.2275,8.421538302351758,1.4249810721970488,0.815,0.666666666666667,,1,0,0,1
202,"Bratislava, Eurovea II",RR15_Miroslava Kolesárová,RR15,A - shopping premium,3.9317528735632186,1.74,1.57,0.11,598023.06,48367,71276.44,12.364278537019043,0.2418171132063034,12.364278537019043,0.1341146709918529,0.2223201755488073,0.2079599916649302,13.685230076709466,1.769008409436596,0.13,2.08333333333333,1.91666666666667,0,1,0,0
203,"Bardejov, Stanica",RR2_Silvia Mastikova,RR2,C - street +,1.7555076628352493,,0.79,0.85,558203.03,35985,38015.08,15.51210309851327,0.6292843125555946,15.51210309851327,0.1143793871667092,0.0993690551256126,0.0158492822966507,9.37938472532048,1.1916742586924651,1.0,,1.0,0,0,0,1
207,Košice - Ťahanovce,RR1_Beata Kubanova,RR1,B - shopping,4.211446360153257,1.93,1.6,0.86,1311823.88,67447,75599.43,19.449699467730216,0.6592891951318953,19.449699467730216,0.1115106101679994,0.1072078175328657,0.2191549295774648,7.495684105827501,0.7798720866315811,1.0,2.33333333333333,2.0,0,1,0,0
209,Partizánske ,RR10_Mário Mantuano,RR10,E - poliklinika,3.138888888888889,1.67,0.84,0.71,911479.69,39181,73619.48,23.263308491360608,0.7428612040713711,23.263308491360608,0.0969455548905645,0.0835540010794551,-0.0492778249787595,9.579171711463172,1.6229883892719974,1.04166666666667,3.16666666666667,1.0,1,0,1,0
210,Ružomberok ,RR6_Jaroslav Vigh,RR6,E - poliklinika,2.5828544061302687,1.52,0.94,0.1,1054084.25,38056,57217.35,27.698240750472987,0.7928944958621666,27.698240750472987,0.1034368531390299,0.1388795437989473,0.0862818125387957,6.8411899322876595,1.4100144422333596,0.13,1.91666666666667,1.33333333333333,1,0,1,0
212,"Kaufland, Dolný Kubín",RR6_Jaroslav Vigh,RR6,B - shopping,4.126436781609195,1.92,1.65,0.11,1356507.3,90361,87100.84,15.01208817963502,0.4827082169038087,15.01208817963502,0.0954740612937034,0.0849407444779464,0.1766639276910435,8.082782291596095,0.98658793216375,0.13,2.25,2.0,0,1,0,0
216,"TESCO Bratislava, Dubravka",RR16_Robert Kardoš,RR16,B - shopping,3.739463601532567,1.16,1.59,0.85,1097266.52,56554,74800.51,19.402102769034904,0.555687017589856,19.402102769034904,0.109241673426199,0.0950674610567866,0.0067353407290015,8.607411120580108,1.1427209298624466,1.0,1.5,1.91666666666667,0,1,0,0
217,Dobšiná,RR4_Radovan Kalmar,RR4,C - street +,3.341235632183908,0.87,1.6,0.84,1086709.41,51256,59182.81,21.20160390978617,0.6722424994921136,21.20160390978617,0.0892972754160784,0.0734711949027486,0.0323167956304051,7.21645407190086,0.5597268924554881,1.0,1.0,2.0,0,0,0,1
218,Vrútky,RR8_Katarína Kuchtová,RR8,D - street,2.1551724137931036,1.55,,0.79,586071.68,26396,50330.28,22.203048946810124,0.760094260142377,22.203048946810124,0.0797768441567439,0.0851340911213223,0.1416703104503716,10.531419610854472,1.5068656446390458,1.0,2.0,,1,0,0,1
220,"Mýtna,Bratislava",RR13_Slavomír Bodnár,RR13,E - poliklinika,5.4336685823754785,3.09,1.64,0.83,1648765.3,68724,108962.67,23.991113730283452,0.7396457943407713,23.991113730283452,0.1189577683252946,0.1329109099525914,0.0550489699425869,7.8237370693422115,1.2660870753980566,1.0,3.9375,2.08333333333333,1,0,1,0
221,"Poliklinika sv.Lukáša, Galanta ",RR11_Andrej Kukučka,RR11,E - poliklinika,5.039511494252874,2.76,2.43,0.7,2499011.12,78174,124595.48,31.96729245017525,0.8251573326332378,31.96729245017525,0.1508806569598049,0.1645751838375553,0.0486916644186673,6.0596699127917155,1.294305176275498,1.0,4.17666666666667,3.0,1,0,1,0
223,"Bratislava, Aupark",RR15_Miroslava Kolesárová,RR15,A - shopping premium,8.70905172413793,2.42,6.62,0.84,2524019.61,147695,177441.52,17.08940458377061,0.2648001692823615,17.08940458377061,0.2119775026803794,0.2326240575058481,0.0579960185799601,8.941691111162973,0.928797079801426,1.0,2.83333333333333,8.4075,0,1,0,0
224,Prešov,RR2_Silvia Mastikova,RR2,C - street +,3.1863026819923372,1.49,0.84,0.86,979672.37,53369,60449.6,18.356580973973657,0.6752863204665046,18.356580973973657,0.1146131347084972,0.1215093681108118,0.0878318584070796,7.891816750778367,1.183605707434271,1.0,1.83333333333333,1.08333333333333,0,0,0,1
225,Prešov,RR3_Jana Majernikova,RR3,D - street,2.14786877394636,0.32,0.84,0.51,285688.08,19761,37924.86,14.45716714741157,0.5018869880745461,14.45716714741157,0.1742997603935247,0.161069127355424,-0.0861405197305101,16.163745556093733,2.965566600314617,0.583333333333333,0.416666666666667,1.0,0,0,0,1
227,Bojnice,RR10_Mário Mantuano,RR10,E - poliklinika,2.0750718390804597,0.08,0.86,0.13,342458.67,18109,40807.73,18.91096526588989,0.5941751744816389,18.91096526588989,0.1382834163005783,0.107871303701445,0.1877551020408163,13.019427447230411,3.053122517915935,0.583333333333333,0.0833333333333333,1.0,0,0,1,0
228,"Prešov, Tesco",RR3_Jana Majernikova,RR3,B - shopping,5.238984674329503,2.78,1.68,0.62,1624401.26,108154,102420.25,15.019335946890545,0.4926265509052855,15.019335946890545,0.1334241587742754,0.1030849000525144,0.1382434944237918,8.255661632051849,1.0273462935560012,1.0,3.25,2.16666666666667,0,1,0,0
230,"Bratislava, Vajnory ",RR13_Slavomír Bodnár,RR13,C - street +,1.6863026819923372,0.85,,0.84,459664.17,20114,37665.18,22.852946703788405,0.6273046472166844,22.852946703788405,0.1466007000158971,0.1121715981457032,0.0733496332518337,10.405738780123292,1.7005139848546058,1.0,1.0,,0,0,0,1
236,"Košice, Cottbuská",RR1_Beata Kubanova,RR1,E - poliklinika,5.7571839080459775,2.46,2.43,0.85,1990939.21,85547,106315.04,23.273045343495387,0.7904100296462593,23.273045343495387,0.0852192682662535,0.0932810383361028,0.0455435208143024,6.485548473879899,0.6721363548634578,1.0,3.33333333333333,3.08333333333333,1,0,1,0
238,"Košice, Mlynská",RR1_Beata Kubanova,RR1,C - street +,3.4118773946360155,0.81,1.71,0.79,585069.37,39481,57026.0,14.819010916643448,0.5144231871171105,14.819010916643448,0.1679508617995238,0.2182414621235922,0.0217495219885277,12.046736264852193,2.1700435585845264,1.0,1.0,2.25,0,0,0,1
239,"Bratislava, Tematínská 5/A",RR15_Miroslava Kolesárová,RR15,E - poliklinika,1.769875478927203,1.63,,0.76,707565.22,29031,43424.93,24.37274706348386,0.6345367851743758,24.37274706348386,0.1310698526349804,0.1420812676913916,0.0692567567567567,7.745206122845275,1.54350381512262,1.0,2.0,,0,0,1,0
240,"Topolčany , Nemocnica",RR10_Mário Mantuano,RR10,E - poliklinika,3.318007662835249,0.43,3.1,0.86,1310210.55,34700,66371.95,37.75822910662824,0.8515795266646264,37.75822910662824,0.0912702110522543,0.0982239198364613,0.0809266899397016,6.215900618664491,0.8686938275497624,1.0,0.5,4.0,1,0,1,0
241,Šaštín-Stráže,RR16_Robert Kardoš,RR16,C - street +,3.334889846743295,0.82,1.56,0.86,1370745.42,67242,77293.77,20.38525653609351,0.658484906701348,20.38525653609351,0.0946319911724853,0.0753520630945254,0.0239168110918544,7.29456115834844,0.9834665925816434,1.0,1.0,2.58333333333333,0,0,0,1
242,Martin,RR8_Katarína Kuchtová,RR8,D - street,3.790828544061303,0.94,2.15,0.81,962106.73,50254,72039.17,19.144878616627533,0.6215115239865332,19.144878616627533,0.1351313852366368,0.1316327990848533,0.0009922603691208,9.106308331553024,1.6861272500590931,1.08333333333333,1.08333333333333,2.83333333333333,0,0,0,1
243,"Žiar nad Hronom, Poliklinika Pro Care",RR5_Juraj Hvorecky,RR5,E - poliklinika,1.3702107279693485,,,0.89,462026.53,18498,37602.93,24.97710725483836,0.7525023076055828,24.97710725483836,0.1142999420271792,0.0991050765431304,0.0433996383363472,9.809843997304192,1.7650434049871468,1.08333333333333,,,1,0,1,0
246,Bratislava - Tehelná,RR13_Slavomír Bodnár,RR13,E - poliklinika,2.47808908045977,2.38,,0.11,923887.45,33610,56349.75,27.48846920559357,0.7975944364218823,27.48846920559357,0.1076545606375443,0.1033165043270761,0.0982678214523651,7.747027507990535,1.6971055820209509,0.213333333333333,3.0,,1,0,1,0
248,Bratislava,RR16_Robert Kardoš,RR16,E - poliklinika,5.601293103448276,3.25,1.54,0.75,2266336.2800000003,60315,114399.3,37.57500256984167,0.7823406374626806,37.57500256984167,0.1449282423306976,0.1374495910929782,-0.1441749231294841,5.783245559777211,0.8169890162236981,0.949166666666667,4.08333333333333,2.0,1,0,1,0
249,Bratislava-Staré Mesto,RR15_Miroslava Kolesárová,RR15,C - street +,3.322916666666667,1.56,0.79,0.56,1336326.83,44382,78897.5,30.109657744130505,0.6931086910827047,30.109657744130505,0.1873487929950443,0.1372992379865244,-0.0918635170603674,7.033266672505498,4.068326661756153,0.771666666666667,2.0,1.0,0,0,0,1
251,Kaufland Pezinok,RR13_Slavomír Bodnár,RR13,B - shopping,4.371408045977011,1.15,1.59,0.99,1415429.65,86564,93036.73,16.351250519846587,0.4586675784275115,16.351250519846587,0.1096323952123106,0.091414111647772,0.2363553668890236,8.472471418755875,1.4241502721085837,1.0,1.66666666666667,2.25,0,1,0,0
252,Nitra,RR11_Andrej Kukučka,RR11,C - street +,2.3611111111111107,0.82,0.72,0.85,643264.53,32842,55017.6,19.5866430180866,0.5919089460754193,19.5866430180866,0.1600910829692829,0.1198358871623632,0.0131826741996233,10.85379529601022,1.5027608125778322,1.0,1.0,1.0,0,0,0,1
254,Poltár,RR5_Juraj Hvorecky,RR5,E - poliklinika,2.181992337164751,0.87,0.59,0.62,640869.0,30679,52274.97,20.889500961569805,0.7579437607373738,20.889500961569805,0.1680743229193901,0.1631206756910303,-0.0724269377382465,10.011938651872542,1.9550531744338957,0.88,1.0,1.41666666666667,1,0,1,0
258,Bytča ,RR9_Andrej Jakubík,RR9,C - street +,3.529094827586207,1.88,0.88,0.86,1256894.62,53373,80350.26,23.54925936334851,0.6862751628294821,23.54925936334851,0.1084326503808638,0.0959295479467391,0.2073628850488354,8.088700288744594,1.2559488781145658,1.0,2.73333333333333,1.0,0,0,0,1
259,Bytča,RR9_Andrej Jakubík,RR9,E - poliklinika,2.6160201149425286,0.89,0.88,0.85,580461.8200000001,33000,48504.0,17.589752121212122,0.6647694933665059,17.589752121212122,0.0953380090680067,0.0904558619448199,0.1125,10.097715977525365,1.286390102474246,1.0,1.0,1.0,0,0,1,0
261,Prešov,RR3_Jana Majernikova,RR3,C - street +,2.3151340996168583,1.46,,0.71,653959.5,38000,52915.59,17.20946052631579,0.5932084326322961,17.20946052631579,0.1634679004567885,0.1490653023565788,0.0141521354561536,10.046771235922163,1.7307731652784857,1.0,1.79333333333333,,0,0,0,1
262,Michalovce,RR1_Beata Kubanova,RR1,E - poliklinika,2.523227969348659,0.92,3.08,0.86,1269671.63,30704,43191.87,41.35199420270974,0.8833504612527258,41.35199420270974,0.146218865843504,0.1081373099418003,0.3529411764705882,4.381670830284459,0.6692158949909637,1.0,1.08333333333333,3.75,1,0,1,0
263,Dunajská Streda ,RR14_Zsolt Balogh,RR14,C - street +,2.6079980842911876,0.84,0.83,0.84,1639331.34,47441,61772.4,34.555159882801796,0.8004380188327271,34.555159882801796,0.0925607205804903,0.0854214435354433,0.0638509316770186,5.048030433047908,0.3861924668560725,1.0,1.0,1.0,1,0,0,1
264,Prievidza,RR10_Mário Mantuano,RR10,D - street,2.0123323754789273,0.79,0.66,0.22,337548.86,21186,42565.57,15.932637590861887,0.5468158002370382,15.932637590861887,0.1669970669733833,0.1142415813435933,0.1336689038031319,15.90910190892435,3.70010888309794,0.25,1.0,1.0,0,0,0,1
265,"Starý Smokovec, Vysoké Tatry",RR7_Ivana Iľanovská,RR7,D - street,3.726293103448276,0.91,1.78,0.86,479768.42,33198,67705.78,14.451726610036747,0.4929429911205911,14.451726610036747,0.2463376721721591,0.4349061090606416,0.2123867952088811,17.004953435150977,1.698774920940579,1.0,1.0,2.0,0,0,0,1
267,Levoča,RR3_Jana Majernikova,RR3,C - street +,4.412835249042146,1.7,1.77,0.88,1331400.3,91665,83059.7,14.524630993290788,0.4986511194266668,14.524630993290788,0.0924479834374124,0.0803625870102544,0.2458077138065958,8.060899620600283,0.7256192732757607,1.0,2.08333333333333,2.0,0,0,0,1
270,Nováky ,RR10_Mário Mantuano,RR10,D - street,4.061302681992338,1.77,1.75,0.84,977581.32,54958,80668.59,17.787789220859565,0.5495607260580633,17.787789220859565,0.1065056776879009,0.0998756961165274,0.3169811320754717,10.749919490466484,1.4487812583759754,1.0,2.0,2.0,0,0,0,1
271,Žilina,RR8_Katarína Kuchtová,RR8,C - street +,3.143199233716475,1.44,0.53,0.78,795743.71,44578,68914.36,17.850592444703665,0.6056787806717316,17.850592444703665,0.1623995528046295,0.1551163273854718,-0.1555345763511919,10.894684471064258,3.298857312381728,1.08333333333333,2.0,0.666666666666667,0,0,0,1
272,Dunajská Streda,RR14_Zsolt Balogh,RR14,C - street +,3.3941570881226055,0.85,1.69,0.86,1326779.86,46044,73369.86,28.81547780383981,0.7719965918083802,28.81547780383981,0.0739541170568229,0.0715861369534735,-0.0272282988131254,7.164937316809898,0.6796653620202162,1.0,1.0,2.0,1,0,0,1
273,Ružomberok,RR6_Jaroslav Vigh,RR6,C - street +,3.0682471264367814,0.49,1.68,0.92,1241637.0,51594,65494.15,24.06553087568322,0.653493702265638,24.06553087568322,0.0936717467369643,0.0956078402921126,0.0911589555657352,7.266703271407599,1.0370951620410258,1.0,0.666666666666667,2.0,0,0,0,1
274,Ružomberok,RR6_Jaroslav Vigh,RR6,C - street +,1.893199233716475,1.2,0.55,0.08,603625.95,29305,42347.49,20.598053233236648,0.6695686625135981,20.598053233236648,0.1475738789565596,0.1306582556192989,-0.1075561606535057,8.388548791521067,1.23933639148509,0.213333333333333,1.5,1.33333333333333,0,0,0,1
275,Ružomberok,RR6_Jaroslav Vigh,RR6,C - street +,2.508860153256705,0.88,0.74,0.89,1089791.95,56724,75953.51,19.21218443692264,0.6429192654616324,19.21218443692264,0.1245800810088513,0.1454022960097154,-0.0138864780420065,8.763697977174425,1.1385765707652504,1.0,1.08333333333333,1.0,0,0,0,1
277,Nováky ,RR10_Mário Mantuano,RR10,E - poliklinika,3.1400862068965516,0.85,1.67,0.85,684125.52,25811,64803.74,26.50519235984658,0.7837168097456736,26.50519235984658,0.1272776720579742,0.119099474464109,-0.1332223147377185,10.82930933943969,1.7484782612186782,1.0,1.0,2.0,1,0,1,0
278,Nováky ,RR10_Mário Mantuano,RR10,C - street +,1.910919540229885,,0.83,0.77,469150.36,19123,37893.0,24.53330335198452,0.7212902277214495,24.53330335198452,0.1607065856212203,0.1410159187103664,-0.1853325753268903,9.780863206269103,2.517111205436043,1.0,,1.0,1,0,0,1
279,Michalovce,RR1_Beata Kubanova,RR1,E - poliklinika,2.4293582375478926,0.67,0.81,0.84,559698.31,29477,55520.58,18.987627981137837,0.7558383015306942,18.987627981137837,0.1063893474015329,0.0965416293390011,0.056469708302169,11.690761584999793,1.195163719684441,1.0,0.833333333333333,1.0,1,0,1,0
280,Fiľakovo,RR5_Juraj Hvorecky,RR5,C - street +,2.078065134099617,,0.86,0.11,711704.3099999999,41684,40733.89,17.07380073889262,0.6787217573545397,17.07380073889262,0.1117521797957102,0.0826434052457942,0.0291486291486291,6.403775018909428,0.7747154573518299,0.13,,1.0,0,0,0,1
281,Kanianka,RR10_Mário Mantuano,RR10,D - street,2.1379310344827585,1.39,0.9,0.38,612589.38,27873,48152.35,21.97787751587558,0.686572284357917,21.97787751587558,0.1075835064269969,0.1070382792750968,0.1783585511233379,9.85364345836643,1.6728640648766038,0.4925,1.58333333333333,1.0,0,0,0,1
282,Veľké Kapušany,RR1_Beata Kubanova,RR1,D - street,1.8457854406130267,,0.85,0.84,421425.35,20560,36410.91,20.49734192607004,0.7023535959571487,20.49734192607004,0.1491918360877892,0.1466235332726174,0.3259408602150537,10.963814164564274,2.0279663141561373,1.0,,1.0,1,0,0,1
285,Bratislava,RR13_Slavomír Bodnár,RR13,D - street,1.730603448275862,0.82,,0.9,360058.17,20016,43351.04,17.988517685851317,0.4404123367065938,17.988517685851317,0.166277526172166,0.118896463890895,-0.0719232818327117,14.778950677529568,2.82089865829844,1.0,1.0,,0,0,0,1
291,"Košice, Tesco",RR3_Jana Majernikova,RR3,B - shopping,4.742576628352491,1.87,1.93,0.8,1316340.19,95304,104928.15,13.81201408125577,0.4224952517783416,13.81201408125577,0.0991325253925685,0.0724900326111325,0.135552155062484,10.067166361966592,2.7246601787935996,1.08333333333333,2.16666666666667,2.45833333333333,0,1,0,0
292,"Prešov, Tesco",RR3_Jana Majernikova,RR3,B - shopping,4.448218390804598,1.92,1.7,0.86,1507386.54,96309,89984.69,15.651564651278695,0.4926203268340183,15.651564651278695,0.1140375143510328,0.0898122977760419,0.1472964574269732,7.622211698898645,1.167575999576436,1.0,2.33333333333333,2.0,0,1,0,0
293,"Banská Bystrica, Tesco",RR6_Jaroslav Vigh,RR6,B - shopping,4.01867816091954,1.0,1.73,1.02,947508.98,68140,92207.44,13.905326973877312,0.3639291735261443,13.905326973877312,0.3771051737992941,0.4176583456930879,1.8093628088426528,12.744771872163485,3.4143092049602504,1.0,1.16666666666667,2.0,0,1,0,0
294,"Zvolen, Tesco",RR5_Juraj Hvorecky,RR5,B - shopping,3.584770114942529,0.82,1.64,0.07,1027422.35,73931,90606.31,13.897043865225683,0.3915494830339247,13.897043865225683,0.1038491339434291,0.08396898134298,0.1177446102819237,10.122981171577823,1.1794570257889334,0.159166666666667,1.0,2.0,0,1,0,0
295,"Trenčín, Tesco",RR9_Andrej Jakubík,RR9,B - shopping,4.351532567049809,1.76,1.73,0.83,1246465.45,82400,94888.94,15.127007888349514,0.405808552495378,15.127007888349514,0.1154721542333847,0.0866997975788488,0.2482887367766023,9.736273388091588,1.0146907273990575,1.0,2.0,2.0,0,1,0,0
296,"Piešťany, Tesco",RR12_Alena Romanová,RR12,B - shopping,4.774904214559387,2.4,2.28,0.11,1300885.87,92254,104489.46,14.10113241702257,0.4241505598027597,14.10113241702257,0.0905776326322788,0.0750582740579159,0.1645603656897015,10.273927882685175,0.7360715081864934,0.13,3.0,3.0,0,1,0,0
297,"Trnava, Tesco",RR12_Alena Romanová,RR12,B - shopping,4.325191570881226,0.72,2.54,0.9,1524280.2,104604,96171.56,14.571911207984398,0.425196581310969,14.571911207984398,0.06819132969115,0.0653524447749594,0.0649018924880993,7.9321777560511775,0.6913079741290695,1.0,1.08333333333333,2.91666666666667,0,1,0,0
298,"Dunajská Streda, Tesco",RR14_Zsolt Balogh,RR14,B - shopping,3.9657567049808433,0.92,1.81,0.84,1486094.75,106467,86133.28,13.958266411188443,0.3621318156194281,13.958266411188443,0.0862891916072937,0.0674698945548308,0.1684583579444772,7.664805132605038,0.7840090581448488,0.9275,1.08333333333333,2.0,0,1,0,0
299,"Senec, Tesco",RR13_Slavomír Bodnár,RR13,B - shopping,4.896312260536398,1.54,2.17,0.83,1295245.0,97104,104711.67,13.338739907727795,0.3436489930476473,13.338739907727795,0.0829707620644754,0.0669367299122533,0.2867569002123142,10.08569449982574,0.8203095106859604,1.0,1.91666666666667,2.5,0,1,0,0
300,"Bratislava, Tesco",RR15_Miroslava Kolesárová,RR15,B - shopping,4.815852490421456,1.89,1.71,0.88,1970221.14,125934,100617.92,15.644870646529135,0.4118942861408948,15.644870646529132,0.0980539091121683,0.0856599491715984,0.2281831187410586,6.648818107985796,0.5479533845725958,1.0,2.095,2.25,0,1,0,0
301,"Bratislava, Tesco",RR16_Robert Kardoš,RR16,B - shopping,5.573275862068966,1.3,2.84,0.81,1243669.92,81961,104061.49,15.17392320737912,0.3520075085517868,15.17392320737912,0.1247086661998774,0.0810179096405422,0.021067415730337,10.1801808167899,1.9646813868914297,1.0,1.5,3.54166666666667,0,1,0,0
305,Lučenec,RR4_Radovan Kalmar,RR4,C - street +,2.484913793103448,0.85,0.74,0.85,898196.54,24201,58590.83,37.11402586669973,0.8668247708903443,37.11402586669973,0.1575766516225061,0.1191390875697346,-0.0148926850635129,7.848699276427084,1.8221779040854589,1.0,1.0,1.0,1,0,0,1
306,Lučenec,RR4_Radovan Kalmar,RR4,D - street,1.198515325670498,,0.25,0.82,289648.3,13765,35334.5,21.042375590265163,0.7524243366869406,21.042375590265163,0.1468379363486607,0.1940012300878297,-0.0673076923076923,14.359080242692846,2.878507678419259,1.0,,0.416666666666667,1,0,0,1
307,"Kaufland, Trnava",RR12_Alena Romanová,RR12,B - shopping,4.8742816091954015,1.41,2.6,0.78,1367388.86,96484,103357.2,14.172182538037395,0.4271653127260375,14.172182538037395,0.1082994808011478,0.0811547546988669,0.204461977962182,9.54775004252584,1.003781738722537,1.0,1.75,3.0,0,1,0,0
308,"Považská Bystrica, Kaufland",RR9_Andrej Jakubík,RR9,B - shopping,4.409961685823755,1.89,1.54,0.75,1357083.97,86230,93409.28,15.737956279717036,0.4907709505993207,15.737956279717036,0.112646282718349,0.1156255006018999,0.292743953294412,8.687747266240878,1.0594308893124833,1.0,2.16666666666667,1.91666666666667,0,1,0,0
311,Kúty,RR16_Robert Kardoš,RR16,D - street,1.7890325670498084,,0.83,0.84,351078.24,16076,37668.74,21.838656382184624,0.7166222264302111,21.838656382184624,0.1018252214358304,0.1019864030094864,0.0676056338028169,13.294222237550043,1.877451084227758,1.0,,1.0,1,0,0,1
312,"Bratislava, Betliarska",RR15_Miroslava Kolesárová,RR15,E - poliklinika,3.01772030651341,2.24,0.27,0.49,868788.54,33610,61009.77,25.84910859863136,0.6688416608257748,25.84910859863136,0.1300078902151783,0.1157496439357071,-0.0541969596827495,8.377955497614975,1.3564854757475044,0.594166666666667,2.66666666666667,0.416666666666667,0,0,1,0
313,"Košice, KVP",RR4_Radovan Kalmar,RR4,E - poliklinika,3.194803639846743,0.86,1.59,0.84,1011263.09,38152,65560.59,26.50616193122248,0.7161328116899828,26.50616193122248,0.1255315304345919,0.1162987772153909,-0.0585677007828356,8.543494212598947,1.2405741519715627,1.0,1.0,1.88,1,0,1,0
316,Námestovo,RR8_Katarína Kuchtová,RR8,C - street +,2.550287356321839,2.68,,0.08,713014.73,32092,53333.48,22.217834039636045,0.6634943432374812,22.217834039636045,0.0999985757529551,0.1045838763973828,0.0452534875808098,9.72032209464742,1.422179884927296,0.25,3.0,,0,0,0,1
317,Malacky  ,RR16_Robert Kardoš,RR16,C - street +,2.4309147509578546,0.8,0.8,0.77,748242.6,28331,50633.94,26.410737354840983,0.746650631760341,26.410737354840983,0.1599449114305156,0.0833134449654362,0.4732980024459845,8.654586671347602,1.8993575247231875,1.0,1.08333333333333,1.08333333333333,1,0,0,1
319,Modra,RR13_Slavomír Bodnár,RR13,B - shopping,2.391522988505747,0.91,0.89,0.63,836339.64,47716,55398.69,17.527446558806272,0.4755313762241378,17.527446558806272,0.1107607598043339,0.0877088053874006,0.182091182091182,9.013163572264476,1.4072007095005274,0.75,1.4375,1.0,0,1,0,0
320,Modra,RR13_Slavomír Bodnár,RR13,C - street +,2.709291187739464,0.84,1.09,0.84,756741.96,39820,58392.52,19.00406730286288,0.5821041032269442,19.00406730286288,0.1191435664594308,0.1044646273930502,0.0581270182992465,10.628904956949713,1.884527107339416,1.0,1.0,1.33333333333333,0,0,0,1
331,Hanušovce nad Topľou,RR2_Silvia Mastikova,RR2,D - street,2.391283524904215,0.89,0.82,0.74,599693.37,27521,44143.9,21.79039170088296,0.7069450342597584,21.79039170088296,0.1090067421856865,0.1092481631773684,0.1109147149801148,9.121821960287358,1.8277585177307785,0.949166666666667,1.0,1.0,1,0,0,1
332,Martin,RR8_Katarína Kuchtová,RR8,C - street +,3.03544061302682,1.42,0.88,0.85,788031.2000000001,34321,61300.56,22.960613035750708,0.7339053580619649,22.960613035750708,0.0712875993614569,0.0768844844600528,0.0413279132791327,9.35775518116605,1.3196532473566287,1.0,1.815,1.0,1,0,0,1
333,Krupina ,RR5_Juraj Hvorecky,RR5,D - street,1.6415229885057472,0.08,0.18,0.8,435434.82,28002,41937.32,15.55013284765374,0.4651464253593684,15.55013284765374,0.1225689677046496,0.0964518071782149,0.2776717557251908,11.507418146512608,1.778541324154844,1.0,0.0833333333333333,0.75,0,0,0,1
336,Turčianske Teplice,RR8_Katarína Kuchtová,RR8,E - poliklinika,2.561661877394636,0.71,0.96,0.83,808531.57,28814,48112.06,28.060372388422294,0.7278554874486843,28.060372388422294,0.1237003626597331,0.1155147063506075,0.4931573802541544,7.6728594871918,0.8892018588858525,1.0,0.916666666666667,1.0,1,0,1,0
338,Veľký Meder,RR14_Zsolt Balogh,RR14,D - street,1.447557471264368,0.86,0.22,0.21,408536.79,19069,35429.41,21.424132885835647,0.6494405314145638,21.424132885835647,0.1074695248069478,0.0914926338701822,0.1658799730276466,11.480203898611975,3.1225343603639817,0.25,1.0,0.333333333333333,0,0,0,1
340,Moldava nad Bodvou,RR4_Radovan Kalmar,RR4,C - street +,2.5028735632183907,0.87,1.17,0.66,935881.2,46017,54407.65,20.337727361627227,0.5939810950364213,20.337727361627223,0.1222824416426771,0.0939591229666159,0.4090492204218893,8.095691258766454,1.1928286334985667,1.0,1.0,1.41666666666667,0,0,0,1
427,Holíč,RR16_Robert Kardoš,RR16,E - poliklinika,2.9504310344827585,0.89,1.56,0.2,961349.92,37902,56537.3,25.364094770724503,0.7660909151581351,25.364094770724503,0.0857741306570225,0.0847156747272995,0.08469356328919,7.58953483331615,1.0635653599300614,0.605833333333333,1.20833333333333,2.0,1,0,1,0
451,Nemšová,RR9_Andrej Jakubík,RR9,E - poliklinika,1.8206417624521072,,0.85,0.84,646204.26,30234,42500.28,21.37342925183568,0.6800354271883011,21.37342925183568,0.0988988454286291,0.0920995683403763,0.2230422304223042,8.228991938292724,1.2423413756381456,1.0,,1.0,0,0,1,0
453,"Nové Mesto nV, Laurus",RR12_Alena Romanová,RR12,C - street +,3.3047174329501914,0.97,1.7,0.73,1341074.47,36958,70683.21,36.28644596569078,0.8473243249496801,36.28644596569078,0.0963068921251282,0.1152041266144097,0.0665274463007159,6.592726558430672,1.228523437639215,1.0,1.20833333333333,2.0,1,0,0,1
456,"Trenčín, OZETA",RR9_Andrej Jakubík,RR9,E - poliklinika,1.9183429118773947,,0.86,0.86,441583.35,24535,36076.48,17.998098634603625,0.623088076124247,17.998098634603625,0.1139930292488201,0.1013015215916866,0.1148523985239852,10.38066102662308,2.01187766023623,1.0,,1.0,0,0,1,0
457,"Tornaľa, poliklinika",RR4_Radovan Kalmar,RR4,E - poliklinika,3.1721743295019156,0.69,1.68,0.78,942153.04,40441,65089.62,23.29697683044435,0.7641004055986488,23.29697683044435,0.1088431013473562,0.0899067936301814,0.0437893531768746,9.278631760148553,1.3672005192404295,1.0,1.0,2.0,1,0,1,0
459,"Ban. Bystrica, Biopharma",RR6_Jaroslav Vigh,RR6,C - street +,3.2036637931034484,0.85,1.69,0.8,1328007.95,54235,70008.57,24.486179588826403,0.5306841800156392,24.486179588826403,0.0965181102862703,0.478953817909949,-0.2317478958700332,7.086352334681769,1.006272130425846,1.0,1.0,2.0,0,0,0,1
461,"Topoľčany, Na Korze",RR10_Mário Mantuano,RR10,D - street,4.134219348659004,2.13,1.44,0.86,1184607.28,66131,83812.52,17.913040480258882,0.5886753540802147,17.913040480258882,0.0993345145596578,0.0846763305498028,-0.0211734281558105,9.427297558431336,1.1370551743316986,1.0,3.0,2.0,0,0,0,1
462,"Bytča, poliklinika",RR9_Andrej Jakubík,RR9,E - poliklinika,2.96970785440613,1.34,0.61,0.88,1092045.8,33200,72194.27,32.89294578313253,0.8171877131893186,32.89294578313253,0.2053222390421046,0.2011538457511067,0.1264744429882044,8.672807886895773,2.084014247286625,1.0,1.71333333333333,1.10666666666667,1,0,1,0
464,"Žilina, Magnólia",RR8_Katarína Kuchtová,RR8,C - street +,2.9954501915708813,1.66,0.82,0.86,1212481.74,40170,67182.09,30.183762509335324,0.8355106444737057,30.183762509335324,0.1448692777512913,0.137436437091738,0.1246628708420737,7.5883809231132915,2.1869220198040673,1.0,2.75,1.0,1,0,0,1
465,"Topoľčany, Jednota",RR10_Mário Mantuano,RR10,C - street +,2.840636973180077,1.0,0.77,0.85,628511.61,41228,56888.09,15.244775637915978,0.5619957441995383,15.244775637915978,0.1207975465556212,0.1003891811808512,0.0528301886792452,11.184054907487631,1.7450348378238183,1.0,1.16666666666667,1.0,0,0,0,1
466,"Dubnica nV, poliklinika",RR9_Andrej Jakubík,RR9,E - poliklinika,3.2171934865900385,1.74,0.82,0.79,1040782.32,39617,65864.5,26.271103819067573,0.7471687355334783,26.27110381906757,0.1020419191320517,0.1045843626773379,0.0928507861168792,7.850355657302562,1.158141895700621,1.0,2.0,1.0,1,0,1,0
467,Bánovce nad Bebravou,RR10_Mário Mantuano,RR10,C - street +,3.664511494252874,1.04,1.72,0.81,1334212.54,53316,79977.27,25.02461812589091,0.7355703837111289,25.02461812589091,0.080893265685758,0.076281114497948,0.0960940967598757,7.306425501837679,0.7706684582701092,1.0,1.16666666666667,2.0,1,0,0,1
469,"Trenčín, OC Južanka",RR9_Andrej Jakubík,RR9,B - shopping,3.644875478927203,1.13,1.63,0.82,1019497.21,62363,76983.94,16.347789715055402,0.5782236814556854,16.347789715055402,0.0947852568390009,0.0737360813407266,0.1068122917437986,9.32902309973081,1.100128863264998,1.0,1.58333333333333,2.08333333333333,0,1,0,0
470,"Veľký Krtíš, poliklinika",RR5_Juraj Hvorecky,RR5,E - poliklinika,3.411877394636015,1.84,0.95,0.91,1356259.81,54715,81288.89,24.7877147034634,0.7754250345293355,24.7877147034634,0.1085629018881431,0.0924750579189724,-0.1588482074752097,7.206294789634339,1.337709065272087,1.0,2.54166666666667,1.83333333333333,1,0,1,0
471,Snina,RR2_Silvia Mastikova,RR2,C - street +,2.282327586206897,0.79,0.74,0.63,728647.58,32778,47727.27,22.22977545914943,0.7866948381273703,22.22977545914943,0.084839978363736,0.0759617571716776,0.0688089416695773,8.485743526623319,1.6310489489672446,1.0,1.0,1.0,1,0,0,1
474,"Martin, Imelo",RR8_Katarína Kuchtová,RR8,C - street +,3.954022988505747,1.67,1.51,0.79,1317744.42,51064,78815.37,25.80574220585931,0.7497650416914685,25.80574220585931,0.1064556682363942,0.1265918586932289,0.0467974983825749,7.421304386296619,1.2652880355092997,1.0,2.08333333333333,2.0,1,0,0,1
501,"Nové Mesto nV, nemocnica",RR12_Alena Romanová,RR12,E - poliklinika,3.765565134099617,1.39,1.63,0.75,1900673.47,52026,83152.99,36.53314631145965,0.8277762039788981,36.53314631145965,0.127001631316484,0.0964012164372624,0.1359468133883539,5.605819708541172,1.0454111774003387,1.0,1.66666666666667,2.0,1,0,1,0
502,"Pov. Bystrica, poliklinika 1",RR9_Andrej Jakubík,RR9,E - poliklinika,2.8414750957854404,2.03,,0.81,1182587.02,33042,72999.88,35.79041886084377,0.8300221746049606,35.79041886084377,0.1151745230438862,0.0917964974060359,-0.0847980265186555,7.0567377738533414,0.8785296198871475,1.0,2.75,,1,0,1,0
504,"Trenčín, Špitálska",RR9_Andrej Jakubík,RR9,E - poliklinika,3.21036877394636,1.74,0.71,0.77,1186668.38,49274,72305.11,24.083053537362503,0.7349660062569461,24.083053537362503,0.0771423739619657,0.0987284856255082,0.0786814244465832,7.222528809858896,1.1137683349156051,1.0,2.31333333333333,1.39583333333333,1,0,1,0
505,"Stará Turá, poliklinika",RR12_Alena Romanová,RR12,E - poliklinika,3.21036877394636,1.57,0.82,0.83,1285406.85,48717,75973.04,26.385180737730156,0.7856323777954037,26.385180737730156,0.1021401358058202,0.0900549070856454,0.0298979095770539,7.369582757808492,1.5650171645484836,1.0,2.0,1.0,1,0,1,0
506,"Myjava, Staromyjavská",RR12_Alena Romanová,RR12,C - street +,1.8575191570881229,,0.84,0.86,823170.43,28111,44771.18,29.282858311692937,0.7827179117694982,29.282858311692937,0.1009713064726792,0.0962512824177899,-0.007068607068607,6.46370164403493,1.198163195330613,1.0,,1.0,1,0,0,1
511,"Stará Turá, Na Stanici",RR12_Alena Romanová,RR12,D - street,1.9825191570881229,0.53,0.81,0.53,613741.91,30539,40856.72,20.096987786109565,0.6247724063686638,20.096987786109565,0.1326934535450151,0.1061174551739342,0.1230283911671924,8.900551647184503,1.0776574749206536,0.6375,0.666666666666667,1.0,0,0,0,1
515,"Nitra, Viola",RR11_Andrej Kukučka,RR11,E - poliklinika,4.495210727969349,2.11,1.62,0.8,1863858.16,66693,92768.5,27.94683340080668,0.7918955217064372,27.94683340080668,0.0968755788339803,0.1075751252156645,0.0088712144386662,6.010658418010593,0.751359128681078,1.0,2.97916666666667,2.0,1,0,1,0
516,Liptovský Hrádok,RR7_Ivana Iľanovská,RR7,E - poliklinika,4.214080459770115,1.71,1.69,0.81,1590894.27,66177,85859.57,24.03998776009792,0.6768368585550315,24.03998776009792,0.0939974104996671,0.0863678160750437,0.1335891812865497,6.960058903932474,0.8435996672437578,1.0,2.0,2.0,0,0,1,0
518,Dolný Kubín,RR6_Jaroslav Vigh,RR6,E - poliklinika,4.50095785440613,2.31,1.59,0.81,1941835.15,63827,93923.86,30.423412505679416,0.8381683223727823,30.423412505679412,0.1052346038544326,0.1033062835853188,0.055776204455189,6.261768827651782,0.9805843968241856,1.0,3.0,2.16666666666667,1,0,1,0
523,"Košice, voj.nemocnica",RR3_Jana Majernikova,RR3,E - poliklinika,2.0086206896551726,0.44,0.93,0.65,489628.37,20191,52835.46,24.24983259868258,0.809177621795077,24.24983259868258,0.1350345753851578,0.1131299768225732,-0.0605581885202738,12.679779847137072,3.354218470961608,0.875,1.08333333333333,1.5,1,0,1,0
524,"Nové Mesto nV, Nika",RR12_Alena Romanová,RR12,C - street +,2.3670977011494254,,1.64,0.84,601172.15,28853,51594.42,20.835689529684956,0.6740139076635535,20.835689529684956,0.103737571134071,0.1067318935653847,-0.025018395879323,10.57765337858639,1.7409888602861463,1.0,,2.0,0,0,0,1
551,"Košice, autobus.stanica",RR1_Beata Kubanova,RR1,D - street,3.23227969348659,0.69,1.66,0.78,685420.85,43638,63226.29,15.706972134378294,0.6167563621678565,15.706972134378294,0.1000350900850619,0.0925261640355506,0.0669588507426345,11.692003686562863,1.1796917704438454,1.0,1.25,2.0,0,0,0,1
552,Moldava nad Bodvou,RR4_Radovan Kalmar,RR4,C - street +,2.581657088122605,0.63,0.87,0.86,1285394.94,60571,58262.61,21.221293028016703,0.6889042289212683,21.221293028016703,0.1141887096178789,0.0884875367929393,-0.0434298440979955,6.023731641696826,0.6290648084273067,1.0,0.75,1.0,0,0,0,1
553,Ban. Štiavnica,RR5_Juraj Hvorecky,RR5,C - street +,2.005507662835249,0.44,0.86,0.62,1049067.64,50552,52770.42,20.75224798227568,0.6618427959516509,20.752247982275673,0.0902047750147792,0.0922998230234655,0.0683520599250936,6.871035605739238,1.0881564137061424,0.75,0.5,1.0,0,0,0,1
554,Sečovce,RR1_Beata Kubanova,RR1,D - street,2.0258620689655173,1.66,,0.09,636303.37,34080,39173.51,18.67087353286385,0.7292174800205757,18.67087353286385,0.0868246685244598,0.0838309220240556,-0.0359962109251657,7.817299240067648,1.1648169806560418,0.13,1.91666666666667,,1,0,0,1
555,Prievidza,RR10_Mário Mantuano,RR10,C - street +,2.4561781609195403,0.87,0.8,0.87,590891.1,29647,51657.35,19.93089014065504,0.5866633462578806,19.93089014065504,0.1237551447154649,0.1083100698603826,0.0829231351760696,10.973349980490577,1.7066297874340628,1.0,1.0,1.0,0,0,0,1
556,Lipany,RR2_Silvia Mastikova,RR2,C - street +,1.626676245210728,0.82,,0.62,498678.39,28530,42851.17,17.47908832807571,0.6026571554464191,17.47908832807571,0.1013466624308253,0.0975054010125377,0.1619086460032626,10.82000065052983,2.052590339258785,1.0,1.0,,0,0,0,1
558,Kolárovo,RR14_Zsolt Balogh,RR14,D - street,1.908764367816092,,0.91,0.79,591207.62,28638,43409.93,20.644165793700676,0.6603509271412977,20.644165793700676,0.1795891096993195,0.157752611770364,-0.1470490163387796,9.529482285829802,1.8202872261542673,1.0,,1.0,0,0,0,1
562,"Nitra, Pri Nemocnici",RR11_Andrej Kukučka,RR11,D - street,1.959051724137931,0.39,0.73,0.8,602925.05,18585,47213.65,32.441487758945385,0.7748495107310601,32.441487758945385,0.0971286688529047,0.098508739765053,0.0869853917662682,9.513972379241546,1.7203675433327064,1.0,0.5,0.833333333333333,1,0,0,1
565,"Stará Turá, Pri Tržnici",RR12_Alena Romanová,RR12,C - street +,2.5086206896551726,0.84,0.9,0.85,999598.71,50808,61790.19,19.674041686348605,0.6176951548887052,19.674041686348605,0.0889766332885563,0.0739555773764123,0.0567624386825508,8.235678120099008,0.8161274022204014,1.0,1.0,1.0,0,0,0,1
602,"Žilina, Max",RR8_Katarína Kuchtová,RR8,B - shopping,5.019396551724138,1.87,2.52,0.86,1584351.07,99575,102539.61,15.91113301531509,0.4881466517392511,15.91113301531509,0.0902706538988054,0.1076435017792719,0.1449357094518384,8.496763465436667,1.1070693120853274,1.0,2.25,3.08333333333333,0,1,0,0
603,"Bratislava, Heydukova",RR16_Robert Kardoš,RR16,C - street +,3.4590517241379315,0.87,1.74,0.85,607819.96,28332,58502.72,21.453478751941265,0.6403824908941786,21.453478751941265,0.1547096935388834,0.1495536532877862,-0.1066263033972418,11.811634891636556,1.7768907923415511,1.0,1.0,2.0,0,0,0,1
605,"Bratislava, Šustekova",RR15_Miroslava Kolesárová,RR15,E - poliklinika,9.731800766283524,5.01,4.22,0.76,2964725.87,117765,184952.01,25.174932025644292,0.6504666449987836,25.174932025644292,0.1143265414183043,0.0893055126159831,0.0968799682034976,7.707829138177156,0.9277469120687296,1.0,5.91666666666667,5.50333333333333,0,0,1,0
608,"Poprad, Máj",RR7_Ivana Iľanovská,RR7,C - street +,2.3769157088122603,0.87,0.77,0.84,737576.93,22133,45559.36,33.324760764469346,0.8688916287010222,33.324760764469346,0.108703122100501,0.114532142647635,-0.0654817586529466,7.838113974737634,1.201466558597365,1.0,1.08333333333333,1.0,1,0,0,1
609,"Košice, Optima",RR4_Radovan Kalmar,RR4,A - shopping premium,4.028735632183908,1.28,1.69,0.84,1172255.6,84904,84807.6,13.80683595590314,0.2425744521928494,13.80683595590314,0.2864315842855126,0.3201898669897177,0.0508327925589444,9.141173445883348,1.9070436497127128,1.0,2.0,2.0,0,1,0,0
610,"Martin, pred nem.",RR8_Katarína Kuchtová,RR8,E - poliklinika,2.1070402298850572,1.35,0.7,0.48,928541.34,25015,40067.02,37.11938197081751,0.8413602672768451,37.11938197081751,0.1778733049585621,0.1279594396675019,0.1172727272727272,6.243527601622397,1.7729375168711008,0.731666666666667,1.63,1.0,1,0,1,0
611,Krompachy,RR3_Jana Majernikova,RR3,E - poliklinika,2.5454980842911876,0.76,0.85,0.93,1022071.71,31583,54952.72,32.3614510971092,0.8218163968162274,32.3614510971092,0.0984870991656132,0.1158906724372156,0.140477092010602,6.543180170444045,0.5451237362661082,1.0,1.0,1.0,1,0,1,0
612,"Galanta, centrum",RR11_Andrej Kukučka,RR11,D - street,1.932950191570881,,0.88,0.79,668739.31,32414,40229.5,20.631187449867344,0.5903043594072553,20.631187449867344,0.1228746365165035,0.0882298862305089,0.0366187542778918,7.869300342777399,1.5149835697397789,1.0,,1.0,0,0,0,1
613,"Spiš.N.Ves, Hornád",RR3_Jana Majernikova,RR3,C - street +,1.4650383141762453,0.58,,0.82,617239.34,28081,45631.84,21.98067518963,0.694688757200732,21.98067518963,0.1115492679076139,0.0740851097915404,0.1028789161727349,9.3141907544027,3.4581529837382825,1.0,0.666666666666667,,0,0,0,1
614,"Ban. Bystrica, Simba",RR6_Jaroslav Vigh,RR6,E - poliklinika,3.272749042145594,0.78,1.7,0.85,930323.66,41599,71537.76,22.364087117478785,0.7510317215838624,22.364087117478785,0.1321348001031222,0.0995768659023987,0.0503751339764201,9.474683681960462,1.8080474443447825,1.0,1.80333333333333,2.0,1,0,1,0
615,"Šamorín, Centro",RR14_Zsolt Balogh,RR14,D - street,1.9082854406130267,,0.85,0.78,619135.29,33370,39601.73,18.55364968534612,0.5773613389086576,18.55364968534612,0.1386143439316616,0.1227801622711344,0.0722049689440993,8.451752188578899,1.5761422231785551,1.0,,1.0,0,0,0,1
616,"Martin, Tulip",RR8_Katarína Kuchtová,RR8,B - shopping,4.572078544061303,1.72,2.15,0.67,1565047.83,95959,94669.78,16.309547098239875,0.4386465172760886,16.309547098239875,0.0819480063608336,0.1211260818940672,0.1591387783758483,7.654159622050631,0.74270647648069,1.0,2.16666666666667,2.91666666666667,0,1,0,0
617,"Trnava, Max",RR12_Alena Romanová,RR12,B - shopping,4.773706896551724,1.64,2.42,0.88,1538371.57,104628,96362.06,14.70324932140536,0.433129084672307,14.70324932140536,0.0984544257295524,0.0931179136948966,0.0562549960031974,8.063293041618588,1.3264457068484574,1.0,1.91666666666667,3.33333333333333,0,1,0,0
618,"Ban. Bystrica, Kaufland (DZ)",RR6_Jaroslav Vigh,RR6,B - shopping,6.77610153256705,2.21,3.48,0.84,2357418.36,136028,139717.46,17.330390507836622,0.5527046926028013,17.330390507836622,0.0832823153154748,0.0704973797122668,0.1284162895927602,7.653017063106479,0.6596822749128401,1.0,2.83333333333333,4.0,0,1,0,0
619,Snina (DZ),RR2_Silvia Mastikova,RR2,C - street +,2.42911877394636,1.01,0.8,0.7,694495.53,28924,50496.34,24.011047227216153,0.7917698044795192,24.011047227216153,0.0963986553240917,0.0892660636021336,0.1385767790262172,8.887583004882215,1.3923591714508805,0.865833333333333,1.16666666666667,1.0,1,0,0,1
620,Nové Zámky (DZ),RR14_Zsolt Balogh,RR14,C - street +,3.069683908045977,1.73,1.64,0.63,897243.2,44761,70119.27,20.045200062554457,0.6331835114492926,20.045200062554457,0.0844019726794014,0.0938873367314087,0.0163654127992183,10.704412284192111,1.2467431543408265,1.0,2.0,2.0,0,0,0,1
621,Ban. Štiavnica (DZ),RR5_Juraj Hvorecky,RR5,E - poliklinika,2.386494252873563,0.84,0.84,0.67,863756.7999999999,37340,55801.41,23.132212104981253,0.7828197242557164,23.132212104981253,0.0981089763419617,0.0768208934153722,0.0278093076049943,7.713031479398814,0.823328553393698,0.916666666666667,1.0,1.0,1,0,1,0
624,"Bratislava, Ametyst",RR13_Slavomír Bodnár,RR13,D - street,3.5648946360153255,1.35,1.59,0.59,836936.62,33214,66728.87,25.19830854458963,0.6740046337081057,25.19830854458963,0.1071752530795697,0.1036693919748522,0.1201954397394136,9.33018437237514,1.5086900108572134,0.919166666666667,1.83333333333333,1.89583333333333,0,0,0,1
626,"Skalica, TESCO",RR16_Robert Kardoš,RR16,B - shopping,4.453304597701149,,2.52,0.9,1076300.49,84596,87223.61,12.72282956640976,0.3812899035287069,12.72282956640976,0.1035973000907349,0.085413820767115,0.0932901309572026,9.368717910819404,0.9108058267789856,1.0,,3.0,0,1,0,0
627,"Trenčín, Laugaricio",RR9_Andrej Jakubík,RR9,A - shopping premium,4.3565613026819925,0.92,2.4,0.79,1304017.57,92521,94966.69,14.094287459063349,0.2256171824433316,14.094287459063349,0.2317015784708394,0.2651186955740077,0.0952731866512264,9.78041558482957,2.1289933988614713,1.0,1.0,3.0,0,1,0,0
628,Prievidza (DZ),RR10_Mário Mantuano,RR10,E - poliklinika,2.3642241379310347,0.87,0.5,0.84,560790.33,23711,48742.85,23.65106195436717,0.7566170943068866,23.65106195436717,0.124291883525769,0.1295143652242545,0.1878402903811252,10.551040639099948,1.9246380492090536,1.0,1.0,0.666666666666667,1,0,1,0
629,"Nová Dubnica., Na Mikl.",RR9_Andrej Jakubík,RR9,E - poliklinika,2.9851532567049808,0.79,1.59,0.72,768548.72,30780,66338.02,24.96909421702404,0.7268120100440737,24.96909421702404,0.1073116342368561,0.111651564028248,0.1717977955150133,10.590133936939097,1.4447190580475024,1.0,1.0,2.0,1,0,1,0
630,Ľubica,RR7_Ivana Iľanovská,RR7,D - street,2.1848659003831417,0.47,0.82,0.73,822214.42,35606,53768.71,23.092018760882997,0.7591099533379626,23.092018760882997,0.1298023089264708,0.1009829899969645,0.0777479892761394,8.259069880396728,1.1248591528926457,1.0,0.75,1.0,1,0,0,1
631,Komárno (DZ),RR14_Zsolt Balogh,RR14,D - street,1.799568965517241,,0.82,0.89,243888.25,16613,35227.22,14.68056642388491,0.4130413416800522,14.68056642388491,0.1887831374365801,0.115745394592543,-0.0749564206856478,16.96944339414599,2.837455282154437,1.0,,1.0,0,0,0,1
633,Sereď (DZ),RR14_Zsolt Balogh,RR14,C - street +,2.4803639846743293,0.71,0.87,0.85,1057700.99,54176,60164.33,19.523423471647963,0.6514594072564875,19.523423471647963,0.1106889237544556,0.0804643192939932,0.012900451515803,7.13759847435966,0.7878780209605794,1.0,0.88,1.0,0,0,0,1
634,"Kežmarok, Severka",RR7_Ivana Iľanovská,RR7,C - street +,2.8178879310344827,1.14,0.77,0.91,1277806.12,43586,58769.98,29.316893497912176,0.7886424820065816,29.316893497912176,0.1278801986858993,0.0930984060582878,0.0740935365212821,6.122599640798903,0.7096250159993099,1.0,1.91666666666667,1.0,1,0,0,1
635,"Bratislava, Danubia",RR15_Miroslava Kolesárová,RR15,A - shopping premium,4.996168582375479,2.02,2.55,0.38,1125165.99,58552,97754.71,19.216525310834815,0.3916653399735269,19.216525310834815,0.1451492495952288,0.131637567729848,-0.228243601059135,10.459948417458282,2.0033475388555955,0.4925,2.41666666666667,3.0,0,1,0,0
637,Lučenec (DZ),RR4_Radovan Kalmar,RR4,C - street +,1.0217911877394636,0.08,0.0,0.58,333767.55,16041,31680.12,20.807153544043388,0.7927944163535372,20.807153544043388,0.126768054435119,0.1127976647220991,0.1056439942112879,11.067664697320396,2.372029397575658,0.666666666666667,0.0833333333333333,0.166666666666667,1,0,0,1
638,"Bratislava, Tehelná",RR13_Slavomír Bodnár,RR13,E - poliklinika,2.298132183908046,1.6,,0.78,578870.54,28071,48203.03,20.621657226318977,0.7065771908171385,20.621657226318977,0.1581384169840977,0.1317569641390274,-0.0273873873873873,9.8946150876731,2.685101598398377,0.970833333333333,2.04166666666667,,1,0,1,0
639,Galanta,RR11_Andrej Kukučka,RR11,E - poliklinika,4.147030651340996,1.65,1.61,0.85,1269204.02,51181,89863.4,24.798343525917826,0.7350101759053678,24.798343525917826,0.1042401148211817,0.0875926199057409,0.039762340036563,8.76878384096936,1.076924787805805,1.0,2.0,2.0,1,0,1,0
649,Šaľa,RR11_Andrej Kukučka,RR11,E - poliklinika,2.524904214559387,1.7,,0.76,1488406.63,46422,75592.36,32.06252703459566,0.8309039983247052,32.06252703459566,0.095393455419777,0.0841402826437136,0.0089951169365201,6.28051025382704,0.3570066949524749,1.0,2.0,,1,0,1,0
661,Košice,RR4_Radovan Kalmar,RR4,C - street +,1.866977969348659,,0.76,0.82,816406.79,16611,40953.71,49.14856360243213,0.8750577882871355,49.14856360243213,0.0845829235522427,0.102595170305413,0.1016081871345029,6.167245040255438,0.9844326116536066,1.0,,1.0,1,0,0,1
663,Likavka,RR6_Jaroslav Vigh,RR6,D - street,0.9591714559386972,,,0.84,419088.24,17066,32204.73,24.556910816828783,0.7060592060516898,24.556910816828783,0.159719487371992,0.1240747014169592,0.023489932885906,10.02118961202518,1.9541640753928613,1.0,,,1,0,0,1
664,Trstená,RR8_Katarína Kuchtová,RR8,C - street +,3.3215996168582373,1.77,1.26,0.21,1035234.78,39834,55899.4,25.988722699201688,0.7432319072587573,25.988722699201688,0.0931228152236129,0.090355838330556,0.2305597579425113,6.837120275190521,1.1631735377231516,0.25,2.25,1.75,1,0,0,1
