id,trzby,naklady,bloky,typ,regional,mesto,hodnota_bloku,podiel_rx,ZF,F,L,fte,fte_n
2,1154617.09,84618.77,61770,D - street,RR15_Miroslava Kolesárová,"Bratislava, Obchodná",18.692198316334792,0.4713968,0.13266283524904215,2.3342911877394634,1.8541666666666667,4.321120689655173,0.689176245210728
3,754015.45,55539.53,33650,E - poliklinika,RR13_Slavomír Bodnár,Senec,22.407591381872212,0.7395328305275444,0.8292624521072797,1.439176245210728,0,2.2684386973180075,0.27011494252873564
5,945226.53,56116.91,50640,D - street,RR2_Silvia Mastikova,"Vranov n.T., centrum",18.665610781990523,0.5693855736359833,1.3208812260536398,0.3881704980842912,0.8237547892720307,2.5328065134099615,0.31992337164750956
6,1326786.58,70503.66,52628,C - street +,RR8_Katarína Kuchtová,"Turzovka, mesto",25.21065934483545,0.715344678870659,0.8436302681992338,0.7777777777777778,1.6103927203065134,3.231800766283525,0.6915708812260536
7,610019.9400000001,55525.42,35146,C - street +,RR3_Jana Majernikova,"Prešov, 17.novembra",17.356738746941332,0.615215659999573,0.8953544061302683,0.8718869731800767,0.4525862068965517,2.219827586206897,0.5926724137931034
9,1412738.8,69113.01,58861,E - poliklinika,RR2_Silvia Mastikova,"Humenné, NsP",24.00127079050645,0.7969313931209365,1.306513409961686,0.9104406130268199,1.8591954022988506,4.0761494252873565,1.0172413793103448
11,1644725.11,129679.53,122317,B - shopping,RR5_Juraj Hvorecky,"Rimavská Sobota, Kaufland",13.44641472567182,0.5627199064286189,0.4157088122605364,2.2380268199233715,3.0213122605363987,5.675047892720307,2.2701149425287355
12,1559378.57,100957.38,109587,B - shopping,RR1_Beata Kubanova,"Michalovce, TESCO",14.229594477447144,0.4791442850211799,0.8314176245210727,1.7756226053639845,2.5797413793103448,5.1867816091954015,1.1551724137931034
13,744650.0599999999,49397.2,42016,C - street +,RR4_Radovan Kalmar,"Košice, Merkúr",17.723011709824828,0.6205871923249425,0.6637931034482758,0.8709291187739464,0.9183429118773946,2.453065134099617,0.36637931034482757
14,1986298.47,109876.76,128266,B - shopping,RR3_Jana Majernikova,"Spiš.N.Ves, OC Madaras",15.485775419830665,0.5029607005637979,0.8690134099616859,2.696599616858238,1.732998084291188,5.298611111111112,1.0181992337164751
15,1555373.54,115051.43,114526,B - shopping,RR2_Silvia Mastikova,"Humenné, Kaufland",13.580964497144754,0.488715855356521,0.7392241379310345,1.91044061302682,1.8757183908045976,4.525383141762452,0.4942528735632184
16,1115250.59,83689.56,71671,B - shopping,RR7_Ivana Iľanovská,"Poprad, OC MAX",15.560695260286588,0.4645867078178367,0.301963601532567,1.8297413793103448,1.8237547892720305,3.9554597701149423,1.2432950191570882
17,946843.62,79484.09,46145,C - street +,RR10_Mário Mantuano,"Topoľčany, 17.novembra",20.518877884927946,0.6998997152243578,0.7114463601532567,1.38433908045977,1.6546934865900382,3.7504789272030647,1.180316091954023
18,1167196.3,75585.34,54404,C - street +,RR10_Mário Mantuano,"Partizánske, Prior",21.454236820822,0.7008497371007772,0.6148227969348659,1.2564655172413792,1.6961206896551726,3.5674090038314175,0.9530651340996169
19,1215616.35,83986.84,57875,B - shopping,RR7_Ivana Iľanovská,Lipt. Mikuláš,21.00417019438445,0.6512398669201841,0.10704022988505747,2.3249521072796937,1.641044061302682,4.073036398467433,0.7614942528735632
22,3139745.35,76747.07,43228,E - poliklinika,RR5_Juraj Hvorecky,"Rimavská Sobota, NsP",72.63221407421116,0.931755573744221,0.8915229885057471,0.04909003831417624,2.2734674329501914,3.2140804597701145,1.1285919540229885
25,2572014.98,131546.51,152541,B - shopping,RR1_Beata Kubanova,"Michalovce, Kaufland",16.861138841360685,0.626569200619508,0.8649425287356322,3.470306513409962,2.5457375478927204,6.880986590038314,0.8199233716475095
26,1924848.33,76040.74,70712,E - poliklinika,RR2_Silvia Mastikova,"Vranov n.T., NsP",27.220957263265078,0.8115522899406832,0.8730842911877394,0.896551724137931,2.4403735632183907,4.210009578544061,1.137691570881226
27,1454841.82,111250.19,94020,B - shopping,RR13_Slavomír Bodnár,"Bratislava, Kaufland Trnavská",15.473748351414594,0.41951794456939656,0.7581417624521073,2.123323754789272,2.5627394636015324,5.444204980842912,0.5754310344827587
29,3133673.76,174433.94,171852,B - shopping,RR11_Andrej Kukučka,"Nitra, Kaufland",18.234723832134627,0.5660888707189482,0.8726053639846744,3.4272030651340994,4.280411877394636,8.580220306513409,2.2545498084291187
30,946284.79,91939.89,65954,B - shopping,RR14_Zsolt Balogh,"Nové Zámky, OC Aquario",14.347648209358038,0.3082534381642127,0.8069923371647509,1.5155651340996168,1.7188697318007662,4.041427203065134,0.6781609195402298
31,1650538.07,108468.02,101084,B - shopping,RR4_Radovan Kalmar,"Košice, Kaufland Popradská",16.32838104942424,0.5698648380767127,0.8963122605363985,1.790948275862069,2.5294540229885056,5.216714559386973,0.7088122605363985
32,895421.91,71748.44,43445,E - poliklinika,RR5_Juraj Hvorecky,"Hnúšťa, poliklinika",20.610470940269305,0.7630580314926625,0.7840038314176246,0.8486590038314177,1.5016762452107282,3.1343390804597706,0.742816091954023
33,2518066.82,148477.99,131028,B - shopping,RR11_Andrej Kukučka,"Levice, TESCO",19.21777650578502,0.52088017267151,0.975095785440613,2.487787356321839,2.5217911877394634,5.984674329501916,1.0727969348659003
34,1839086.11,127685.81,109134,B - shopping,RR9_Andrej Jakubík,"Púchov, Kaufland",16.85163294665274,0.5323443609717654,0.7722701149425287,2.4113984674329503,2.2835249042145596,5.4671934865900385,1.3498563218390804
35,548531.97,64822.46,28041,C - street +,RR12_Alena Romanová,"Piešťany, centrum",19.561783459933668,0.6142138442723767,0.7904693486590038,0.8522509578544061,0.8596743295019156,2.5023946360153255,0.3587068965517241
36,2445001.64,153156.67,134069,B - shopping,RR5_Juraj Hvorecky,"Zvolen, Kaufland",18.236890258001477,0.5475597922298326,0.9082854406130269,1.8824233716475098,3.953544061302682,6.744252873563219,1.3160919540229885
37,1284620.18,73240.22,57076,E - poliklinika,RR1_Beata Kubanova,"Čierna n.T., poliklinika",22.50718655827318,0.7207189521185944,0.6029693486590039,2.069683908045977,0.019875478927203066,2.692528735632184,0.6508620689655172
38,1808212.21,122709.42,110528,B - shopping,RR8_Katarína Kuchtová,"Žilina, Kaufland",16.35976594166184,0.5543295883396341,0.8273467432950192,2.6041666666666665,2.5324473180076628,5.963960727969349,0.7315613026819924
39,2247321.16,126149.9,139377,B - shopping,RR3_Jana Majernikova,"Prešov, Kaufland",16.12404600472101,0.5824648311503461,0.8362068965517241,2.5007183908045976,3.212404214559387,6.549329501915708,1.4272030651340997
40,715751.38,54388.31,39991,D - street,RR7_Ivana Iľanovská,"Stará Ľubovňa, CBA",17.897811507589207,0.6256594014530577,0.8026819923371648,0.5876436781609196,0.8132183908045977,2.203544061302682,0.4482758620689655
41,2254679.66,142343.23,89636,E - poliklinika,RR5_Juraj Hvorecky,"Žiar n.H., NsP 2",25.153729082065244,0.7933636789893247,0.7579022988505746,3.1175766283524906,3.02610153256705,6.901580459770115,1.7509578544061304
42,2367644.9,129892.47,134175,B - shopping,RR15_Miroslava Kolesárová,"Bratislava, Kaufland Petržalka",17.645946711384386,0.54839047865666,0.9018199233716475,2.8795498084291187,2.673132183908046,6.454501915708812,0.8218390804597702
43,1994111.9,154566.53,139762,B - shopping,RR11_Andrej Kukučka,"Šaľa, Kaufland",14.267911878765329,0.4657275602236766,0.7495210727969348,2.868773946360153,3.7143199233716477,7.3326149425287355,1.478927203065134
45,2060350.74,95159.81,93136,C - street +,RR1_Beata Kubanova,"Košice, Štúrova",22.121958641126955,0.6738586508819369,0.834530651340996,2.5009578544061304,1.6564894636015326,4.991977969348659,0.7743055555555555
46,1160106.67,71072.31,49619,E - poliklinika,RR14_Zsolt Balogh,"Sereď, ProCare",23.38029121908946,0.7568025878172048,0.7543103448275863,0.987787356321839,1.559147509578544,3.3012452107279695,1.1003352490421456
47,1352352.4,96159.61,83043,B - shopping,RR6_Jaroslav Vigh,"Brezno, TESCO",16.28496562022085,0.46288747666658486,0.038553639846743294,1.7818486590038314,2.4398946360153255,4.2602969348659006,1.0268199233716475
48,1138969.91,90317.23,81440,B - shopping,RR8_Katarína Kuchtová,"Čadca, TESCO",13.985386910609037,0.4036500402367961,1.1420019157088122,0.8807471264367817,1.9686302681992338,3.9913793103448274,1.1611590038314177
49,1120226.59,93647.41,84098,B - shopping,RR14_Zsolt Balogh,"Nové Zámky, Kaufland",13.320490261361746,0.3913080745565948,0.8757183908045976,1.1096743295019158,1.904214559386973,3.8896072796934864,0.6628352490421455
50,434328.33,44351.79,25753,D - street,RR6_Jaroslav Vigh,"Ban. Bystrica, centrum",16.86515473925368,0.4941437506505735,0.8084291187739465,0.10129310344827586,0.9298371647509579,1.8395593869731803,0.21096743295019157
51,826292.73,49662.04,24891,E - poliklinika,RR3_Jana Majernikova,"Gelnica, NsP",33.19644570326624,0.818731105137522,0.09770114942528736,2.1245210727969353,0.03065134099616858,2.252873563218391,0.40565134099616856
52,1674055.72,99569.29,121395,B - shopping,RR14_Zsolt Balogh,"Sereď, Kaufland",13.790153795461098,0.4152581432594131,0.816331417624521,1.4044540229885059,2.3330938697318007,4.553879310344827,1.3096264367816093
54,2175358.09,131670.08,137029,B - shopping,RR16_Robert Kardoš,"Malacky, Kaufland",15.875165767830167,0.47098487127698596,0.8738026819923372,1.8278256704980842,3.314774904214559,6.01640325670498,1.0593869731800767
55,1442169.48,100976.03,84490,B - shopping,RR13_Slavomír Bodnár,"Bratislava, Kaufland Rača",17.069114451414368,0.4564834848675345,0.9161877394636015,1.6137452107279695,1.7567049808429118,4.286637931034483,0.8917624521072797
56,1640048.73,110292.59,100385,B - shopping,RR11_Andrej Kukučka,"Galanta, TESCO",16.33758758778702,0.5398692269344948,0.7859195402298851,2.5653735632183907,1.3527298850574714,4.704022988505747,0.5057471264367817
57,452842.38,30789.1,17022,D - street,RR6_Jaroslav Vigh,Ľubochňa,26.603359182234755,0.7302581529582103,0.9489942528735633,0.007662835249042145,0,0.9566570881226054,0.08620689655172414
58,657283.77,44968.44,31307,E - poliklinika,RR2_Silvia Mastikova,"Stropkov, poliklinika",20.994786150062286,0.7720501146711716,0.7523946360153256,0.5067049808429118,0.7318007662835249,1.9909003831417622,0.39080459770114945
59,723392.4,61741.54,45000,D - street,RR5_Juraj Hvorecky,"Lučenec, Prior",16.075386666666667,0.6136009031889194,0.6829501915708812,0.8048371647509578,1.5368773946360152,3.024664750957854,0.6494252873563219
61,2275797.1,127952.19,142402,B - shopping,RR14_Zsolt Balogh,"Komárno, Kaufland",15.981496748641172,0.47405492783165953,0.8366858237547893,2.5517241379310347,2.3448275862068964,5.7332375478927204,0.9686302681992337
62,1116372.77,82399.32,75622,B - shopping,RR9_Andrej Jakubík,"Dubnica nV, TESCO",14.762539604876888,0.4185935760507666,0.9758141762452108,0.9719827586206897,1.894396551724138,3.8421934865900385,0.47509578544061304
63,985307.6900000001,85202.51,75345,B - shopping,RR7_Ivana Iľanovská,"Kežmarok, TESCO",13.077280376932777,0.4859011401808911,0.9695881226053639,0.9918582375478928,1.8908045977011492,3.8522509578544057,0.7318007662835249
64,1560579.3800000001,98541.48,104091,B - shopping,RR12_Alena Romanová,"Piešťany, Kaufland",14.992452565543612,0.488140692977758,0.0864463601532567,1.8874521072796935,1.9221743295019156,3.896072796934866,1.5572318007662833
65,875194.85,58000.55,48240,B - shopping,RR14_Zsolt Balogh,"Nové Zámky, CBA",18.14251347429519,0.5887247736889676,0.8704501915708812,0.7622126436781609,0.7691570881226054,2.4018199233716473,0.36590038314176243
66,894251.73,100256.45,65931,B - shopping,RR5_Juraj Hvorecky,"Žiar n.H., TESCO",13.563448605360149,0.41002568706241144,0.8376436781609194,1.001676245210728,2.074712643678161,3.914032567049808,0.7327586206896551
67,2247429.14,136599.97,159593,B - shopping,RR7_Ivana Iľanovská,"Stará Ľubovňa, Kaufland",14.08225385825193,0.48529213695253587,0.8431513409961685,3.4149904214559386,2.4727011494252875,6.730842911877395,1.6314655172413792
68,639134.2,46372,37496,D - street,RR4_Radovan Kalmar,"Rožňava, CBA",17.045396842329847,0.5644571046268531,0.8393199233716476,0.11518199233716475,0.9468390804597702,1.9013409961685825,0.2279693486590038
69,1230303.6,84138.18,76828,B - shopping,RR1_Beata Kubanova,"Košice, Billa",16.01373978237101,0.5144828073330843,0.8421934865900383,1.7828065134099618,1.8072318007662835,4.432231800766283,0.657088122605364
70,1398074.12,107677.55,93110,B - shopping,RR9_Andrej Jakubík,"Trenčín, Kaufland",15.015295027386962,0.48317486915500585,0.8778735632183907,1.6530172413793103,2.7061781609195403,5.237068965517241,0.7315613026819924
71,2664251.65,150879.12,158141,B - shopping,RR3_Jana Majernikova,"Košice, Kaufland Galeria",16.847317583675327,0.5601783562750162,0.8644636015325671,3.8979885057471266,2.5450191570881224,7.307471264367816,0.9645593869731801
72,2342660.82,127639.3,142653,B - shopping,RR6_Jaroslav Vigh,"Ružomberok, Kaufland",16.42209291076949,0.5222799688091424,0.9735392720306514,2.855603448275862,2.0014367816091956,5.830579501915709,0.814176245210728
73,1570904.76,106195.04000000001,117459,B - shopping,RR3_Jana Majernikova,"Spiš.N.Ves, Kaufland",13.374068909151278,0.5427380397014011,0.8295019157088123,2.741139846743295,1.7468869731800765,5.317528735632184,0.5076628352490421
74,2197056.09,133958.45,126487,B - shopping,RR8_Katarína Kuchtová,"Martin, Kaufland",17.369817372536307,0.5868114454920449,1.0759099616858239,2.5421455938697317,2.7442528735632186,6.362308429118774,0.7959770114942529
76,1283613.5,68504.35,62321,B - shopping,RR2_Silvia Mastikova,"Bardejov, Hypernova",20.596805250236677,0.6578077357397689,0.8721264367816093,1.3077107279693485,1.526580459770115,3.7064176245210727,0.617816091954023
77,1931775.48,115313.45,128303,B - shopping,RR12_Alena Romanová,"Trnava, Kaufland",15.056354722804612,0.5010114632990372,0.8393199233716476,1.5799808429118773,2.4456417624521074,4.864942528735632,0.7739463601532567
78,2095687.26,70158.57,49171,E - poliklinika,RR9_Andrej Jakubík,"Trenčín, poliklinika",42.62039128754754,0.847836208156364,0.8369252873563218,2.325191570881226,0.0031130268199233715,3.1652298850574714,0.42289272030651337
79,850709.78,54490.13,35523,E - poliklinika,RR5_Juraj Hvorecky,"Kremnica, poliklinika",23.948140078259158,0.7159176893440674,0.673611111111111,0.8031609195402298,0.888888888888889,2.36566091954023,0.39439655172413796
80,1504326.42,104808.47,93767,B - shopping,RR6_Jaroslav Vigh,"Ban. Bystrica, Kaufland",16.04323930593919,0.4937433725321397,1.0076628352490422,1.325670498084291,2.5617816091954024,4.8951149425287355,0.6980363984674329
81,435278.5,36036.33,25004,C - street +,RR1_Beata Kubanova,"Trebišov, mesto",17.408354663253878,0.5952214042274084,0.11350574712643677,1.0859674329501916,1.0735153256704981,2.2729885057471266,0.2222222222222222
82,2148753.53,123728.63,135369,B - shopping,RR14_Zsolt Balogh,"Dunajská Streda, Kaufland",15.873305779018828,0.476379108031064,0.24545019157088122,2.8134578544061304,2.2954980842911876,5.354406130268199,1.3457854406130267
83,285970.4,37580.340000000004,15046,E - poliklinika,RR13_Slavomír Bodnár,"Bratislava, ProCare",19.006407018476672,0.6393896710988269,0.803639846743295,0.6340996168582376,0,1.4377394636015326,0.3055555555555555
84,1526822.35,116311.34,102594,B - shopping,RR16_Robert Kardoš,"Senica, Kaufland",14.882179757100806,0.45806864171198436,0.8117816091954022,1.6566091954022988,2.863984674329502,5.332375478927203,0.8429118773946359
85,1111456.1400000001,79166.67,79276,B - shopping,RR14_Zsolt Balogh,"Štúrovo, OC Aquario",14.020083505726829,0.39832939336679535,0.8625478927203065,0.8970306513409962,1.7346743295019158,3.4942528735632186,0.6475095785440613
86,1493678.38,87449.28,102888,B - shopping,RR7_Ivana Iľanovská,"Kežmarok, Kaufland",14.51751788352383,0.5313638602709105,0.8745210727969348,1.6240421455938696,1.7719109195402296,4.270474137931034,0.553639846743295
87,1514783,95565.39,120111,B - shopping,RR1_Beata Kubanova,"Trebišov, Kaufland",12.611526005111939,0.4539864851929286,0.8864942528735633,1.799808429118774,2.2124042145593874,4.898706896551724,0.8180076628352491
88,792386.5,50420.85,27925,E - poliklinika,RR5_Juraj Hvorecky,"Zvolen, poliklinika",28.375523724261413,0.7381217373087503,0.8960727969348659,0.5162835249042146,0.8963122605363986,2.308668582375479,0.3390804597701149
89,1976139.61,99223.15,63975,E - poliklinika,RR1_Beata Kubanova,"Košice, žel.nemocnica",30.88924751856194,0.8441563195021429,0.8342911877394635,2.3887691570881224,1.4891044061302683,4.712164750957855,1.1281130268199233
90,1682755.19,102961.43,104445,B - shopping,RR11_Andrej Kukučka,"Zlaté Moravce, Tesco",16.11140016276509,0.5316108459008824,0.8618295019157088,2.0440613026819925,1.816331417624521,4.722222222222222,0.6506226053639846
91,1165500.4,95083.45,85283,B - shopping,RR5_Juraj Hvorecky,"Rimavská Sobota, TESCO",13.666268775723179,0.47441604481645827,0.9918582375478927,0.9456417624521072,2.273706896551724,4.211206896551724,1.4252873563218391
92,1638548.62,91011.79,95112,B - shopping,RR7_Ivana Iľanovská,"Lipt. Mikuláš, Kaufland",17.22756981243166,0.5303484555740555,0.8431513409961686,1.7440134099616857,1.7404214559386972,4.327586206896552,0.5134099616858238
93,1038568.5700000001,87798.27,75487,B - shopping,RR6_Jaroslav Vigh,"Brezno, Kaufland",13.75824406851511,0.4638746963043566,0.8848180076628354,1.0555555555555556,1.918103448275862,3.8584770114942533,0.5
94,1244627.75,97506.1,92898,B - shopping,RR4_Radovan Kalmar,"Lučenec, Kaufland",13.397788434627225,0.4869548344876611,0.8805076628352491,1.2413793103448276,2.4580938697318007,4.579980842911877,0.7064176245210728
96,562927.49,52189.7,27204,D - street,RR5_Juraj Hvorecky,Nová Baňa,20.692820541096896,0.6006532919541734,0.7064176245210728,0.3869731800766284,0.8424329501915708,1.935823754789272,0.4832375478927203
97,1499991.97,63370.69,59833,E - poliklinika,RR1_Beata Kubanova,"Trebišov, Nemocnica s pol.",25.069643340631423,0.8202911379585585,0.8101053639846743,1.3829022988505746,1.6724137931034482,3.865421455938697,1.28544061302682
98,1193531.57,62053.12,44295,E - poliklinika,RR3_Jana Majernikova,"Spiš.N.Ves, poliklinika",26.94506309967265,0.8224930321700665,0.783764367816092,1.617816091954023,0.023467432950191568,2.4250478927203067,0.7318007662835249
99,298611.53,35764.62,18036,C - street +,RR15_Miroslava Kolesárová,"Bratislava, Štúrova",16.556416611222,0.40488342831236285,0.12978927203065135,0.9588122605363986,0.9542624521072797,2.0428639846743297,0.20905172413793102
100,486235.51,38685.09,28379,D - street,RR2_Silvia Mastikova,"Sabinov, Nám. Slobody",17.133637901265022,0.6261123750505182,0.8503352490421456,0.11805555555555557,0.16044061302681992,1.128831417624521,0.10943486590038315
101,395105.9,38469.39,25875,D - street,RR7_Ivana Iľanovská,"Poprad, nám. sv. Egídia",15.269793236714976,0.5670309909317983,0.6285919540229885,0.4329501915708812,0.9556992337164751,2.0172413793103448,0.3850574712643678
102,2439655.3,77511.07,68096,E - poliklinika,RR1_Beata Kubanova,"Trebišov, M.R.Štefánika",35.826704945958646,0.8540336702484158,0.8663793103448276,2.6326628352490418,0.0038314176245210726,3.5028735632183903,0.6954022988505747
103,961638.29,53934,34183,E - poliklinika,RR1_Beata Kubanova,"Trebišov, SNP",28.132062428692628,0.832891200702917,0.8735632183908046,1.2966954022988506,0,2.1702586206896552,0.31800766283524906
104,2276340.01,90004.32,69123,E - poliklinika,RR1_Beata Kubanova,Kráľovský Chlmec,32.931730538315755,0.809045349951917,0.678639846743295,1.989942528735632,1.6065613026819925,4.275143678160919,1.0555555555555556
105,714215.12,54032.06,29299,E - poliklinika,RR4_Radovan Kalmar,"Košice, Tomášiková",24.37677463394655,0.7817643233316034,0.19276819923371646,1.289750957854406,1.6677442528735633,3.1502634099616857,0.49173850574712646
106,705965.3,40988.59,26417,C - street +,RR2_Silvia Mastikova,"Bardejov, pri nemocnici",26.723901275693684,0.8308855831865957,0.7763409961685824,0.7847222222222222,0.02610153256704981,1.5871647509578544,0.3182471264367816
107,1541020.42,111405.49,86619,B - shopping,RR16_Robert Kardoš,"LIDL,KARLOVA VES",17.79078978053314,0.4738024302104965,0.2696360153256705,3.205938697318008,2.721264367816092,6.19683908045977,0.5335249042145593
109,603941.56,44286.04,30296,C - street +,RR8_Katarína Kuchtová,"Žilina, R. Zaymusa",19.93469632954846,0.6219311020755055,0.9379789272030651,0.04597701149425287,0.9674329501915708,1.9513888888888888,0.20138888888888887
110,467683.23,54370.340000000004,28543,A - shopping premium,RR9_Andrej Jakubík,"Trenčín, OC MAX",16.385216340258555,0.5198374977011684,0.5500478927203064,0.8371647509578545,1.4525862068965516,2.8397988505747125,0.6511015325670498
111,669128.77,59240.06,33728,D - street,RR11_Andrej Kukučka,"Levice, Na Bašte",19.838969698766604,0.6243620491762744,0.41163793103448276,1.3034003831417624,0.3639846743295019,2.079022988505747,0.4272030651340996
112,1035639.0499999999,66891.4,36054,C - street +,RR7_Ivana Iľanovská,"Lipt. Mikuláš, Nám. osloboditeľov",28.724664392300436,0.7764859388027132,0.8419540229885059,1.555795019157088,0.8180076628352491,3.215756704980843,0.8218390804597702
113,684821.3,46667.65,35190,D - street,RR9_Andrej Jakubík,Púchov,19.460679170218814,0.6283513523893022,0.6063218390804598,0.5974616858237548,0.921455938697318,2.125239463601533,0.3536877394636015
126,948419.72,74468.32,48467,C - street +,RR11_Andrej Kukučka,"Šaľa, Hlavná",19.568360327645614,0.5936629512511613,0.7780172413793104,1.1546934865900382,1.7749042145593872,3.707614942528736,0.5957854406130269
127,1078621.35,69369.41,61705,D - street,RR8_Katarína Kuchtová,"Žilina, Národná",17.480290900251198,0.5756611715501458,0.8649425287356323,1.33117816091954,1.3298611111111112,3.5259818007662833,1.178999042145594
129,2936957.55,64762.81,25229,E - poliklinika,RR6_Jaroslav Vigh,"Ban. Bystrica, ProCare",116.41196836973323,0.9156911954685897,0.7193486590038315,0.771551724137931,1.6657088122605364,3.156609195402299,0.4832375478927203
130,371006.43,40295.15,20927,C - street +,RR3_Jana Majernikova,"Košice, Hlavná",17.728600850575813,0.6077740215984936,0.7731082375478928,0.40074233716475094,0.7586206896551724,1.9324712643678161,0.5868055555555556
131,1385152.83,80483.52,60096,C - street +,RR4_Radovan Kalmar,"Revúca, M.R.Štefánika",23.049002096645367,0.7466655791332426,0.8038793103448276,1.489463601532567,1.5007183908045978,3.7940613026819925,0.8785919540229885
132,1238275.09,78542.42,56481,D - street,RR11_Andrej Kukučka,Šahy,21.923745861440132,0.65249257335863875,0.7325191570881225,1.528735632183908,1.4827586206896552,3.7440134099616857,0.8869731800766284
134,447896.08,36540.45,21966,D - street,RR7_Ivana Iľanovská,"Poprad, Francisciho",20.390425202585813,0.6967590785791203,0.5847701149425287,0.391044061302682,0.8472222222222222,1.823036398467433,0.5114942528735632
135,617803.66,46050.659999999996,28256,D - street,RR8_Katarína Kuchtová,Vrútky,21.86451231596829,0.7374223390000635,0.8050766283524904,0.5407088122605364,0.8529693486590039,2.1987547892720305,0.36302681992337166
136,1718307.54,87072.93,65842,E - poliklinika,RR4_Radovan Kalmar,"Rožňava, nemocnica",26.097438413170924,0.7946080129520935,0.8680555555555557,1.9085249042145596,1.6044061302681993,4.380986590038314,1.2056992337164751
138,869843.62,60139.09,41965,E - poliklinika,RR12_Alena Romanová,"Hlohovec, nemocnica",20.72783557726677,0.7142559486727053,0.8819444444444445,0.9027777777777777,0.8409961685823756,2.6257183908045976,0.32734674329501917
141,1347444.84,102002.68000000001,102959,B - shopping,RR8_Katarína Kuchtová,"Čadca, Kaufland",13.087198205110774,0.4000401530351327,0.751676245210728,1.626676245210728,2.3548850574712645,4.7332375478927204,1.0268199233716475
143,1234302.9,83146.93,97737,B - shopping,RR2_Silvia Mastikova,"Sabinov, Kaufland Bernolaková",12.628819177998096,0.4174439191546905,0.7124042145593871,1.701388888888889,2.346264367816092,4.760057471264368,0.5131704980842912
144,3326201.5300000003,144370.41,91314,E - poliklinika,RR14_Zsolt Balogh,Nemocnica Dunajská Streda,36.42597553496726,0.8322920138876851,0.6285919540229885,3.7119252873563218,2.4616858237547894,6.8022030651340994,2.8275862068965516
145,1564466,111133.51,87463,B - shopping,RR16_Robert Kardoš,"Bratislava, Kaufland",17.887175148348444,0.4335322084340599,0.7420977011494254,1.8852969348659003,2.3623084291187744,4.9897030651341,0.7004310344827587
146,1659595.1099999999,108006.77,109304,B - shopping,RR13_Slavomír Bodnár,"Bratislava, Kaufland Podunajské B.",15.183297134597085,0.4083702379672594,0.9315134099616857,1.8077107279693487,2.699473180076628,5.438697318007662,0.6800766283524904
149,1531248.54,82369.43,107758,B - shopping,RR2_Silvia Mastikova,"Vranov nad Topľou, Kaufland",14.210068301193415,0.5030731457872933,0.8194444444444445,1.7258141762452108,1.701867816091954,4.24712643678161,0.6130268199233717
151,2128079.25,138802.53,131889,A - shopping premium,RR16_Robert Kardoš,"Bratislava, Bory",16.135380888474398,0.27070178894888436,0.7581417624521072,2.5117337164750957,3.362308429118774,6.632183908045977,0.9310344827586207
159,461217.7,46477.68,27485,D - street,RR16_Robert Kardoš,"Bratislava, Hl. stanica",16.780705839548844,0.5325343108037701,0.8156130268199234,0.7734674329501916,0.75933908045977,2.348419540229885,1.082375478927203
161,905694.84,74187.72,60085,B - shopping,RR16_Robert Kardoš,"Bratislava, OC Dubrawa",15.073559790297079,0.4074401042187676,0.13649425287356323,1.9027777777777777,1.8945162835249043,3.9337883141762453,0.46455938697318006
162,1556934,91212.33,101242,B - shopping,RR2_Silvia Mastikova,"Bardejov, Kaufland",15.37834100472136,0.5290710910032153,0.873323754789272,1.6755268199233717,1.7181513409961684,4.267001915708812,1.0747126436781609
163,1463999.96,101673.37,96810,B - shopping,RR4_Radovan Kalmar,"Rožňava, Kaufland",15.122404297076748,0.4800520144822955,0.8599137931034484,1.6755268199233715,2.4803639846743297,5.01580459770115,0.9554597701149425
164,1555586,82185.94,58981,E - poliklinika,RR2_Silvia Mastikova,"Prešov, Sekčov",26.374357844051474,0.8110193971917979,0.8220785440613027,1.6633141762452108,1.7244971264367817,4.2098898467432955,0.5858477011494253
174,1634289.45,105443.99,106008,B - shopping,RR4_Radovan Kalmar,Kaufland Košice,15.41666147837899,0.48726530664442586,0.8527298850574712,1.7835249042145593,2.564894636015326,5.2011494252873565,0.7452107279693486
175,1185947.44,99445.26,88691,B - shopping,RR10_Mário Mantuano,Kaufland Prievidza,13.371677396804635,0.4156680670435108,0.6798371647509579,1.3287835249042146,2.781130268199234,4.789750957854406,1.167624521072797
176,458800.24,45539.87,20613,C - street +,RR3_Jana Majernikova,Gelnica,22.257810119827294,0.746162556497355,0.8503352490421456,1.0402298850574712,0.03831417624521073,1.9288793103448276,0.24113984674329503
177,2614515.11,139653.02,155649,B - shopping,RR9_Andrej Jakubík,"TESCO, Považská Bystrica",16.79750663351515,0.499755050182135,0.796455938697318,2.743534482758621,3.1906130268199235,6.730603448275863,1.145354406130268
178,1600858.13,104748.63,116283,B - shopping,RR4_Radovan Kalmar,"TESCO, Rožnava",13.766914596286645,0.5314159787538449,0.810823754789272,2.80507662835249,1.4707854406130267,5.086685823754789,0.8237547892720307
180,698122.52,54064.25,35636,E - poliklinika,RR12_Alena Romanová,Trnava,19.590372656863845,0.6273258310016987,0.8967911877394638,0.7806513409961686,0.38697318007662834,2.0644157088122608,0.2066570881226054
181,762719.72,56554.82,29917,C - street +,RR5_Juraj Hvorecky,Detva,25.494525520607013,0.7496219581158857,0.2744252873563218,0.9705459770114943,0.9022988505747127,2.1472701149425286,0.6987547892720306
182,937960.45,51829.8,31731,E - poliklinika,RR1_Beata Kubanova,"Michalovce, modular",29.55975071696448,0.8233269110653867,0.7054597701149424,0.8029214559386973,0.8680555555555556,2.376436781609195,0.42528735632183906
183,1299868.83,67703.49,39636,C - street +,RR11_Andrej Kukučka,Nitra,32.79515667574932,0.7348234898439714,0.8156130268199233,0.8795498084291187,0.8941570881226053,2.5893199233716473,0.4638409961685824
184,633615.66,58556.1,43576,B - shopping,RR8_Katarína Kuchtová,"Žilina, Mirage",14.540473196254819,0.52106497809729,0.8512931034482759,0.891044061302682,1.3105842911877394,3.0529214559386975,0.4810823754789272
192,1782026.41,104242.43,95542,B - shopping,RR11_Andrej Kukučka,"Nitra, BILLA",18.65175954030688,0.568651308596487,0.8579980842911877,1.937021072796935,2.38433908045977,5.179358237547893,0.8220785440613027
194,989298.84,93168.65,60682,B - shopping,RR10_Mário Mantuano,"Billa, Handlová",16.303003196994165,0.5818884109881297,0.7210249042145594,1.065852490421456,2.3498563218390807,4.136733716475096,1.0747126436781609
195,1837036.24,109841.66,116425,B - shopping,RR7_Ivana Iľanovská,"Kaufland, Poprad",15.778709383723427,0.5687808260113584,0.8934386973180076,2.356800766283525,1.904693486590038,5.15493295019157,0.6628352490421455
196,1633547.89,123018.94,101486,A - shopping premium,RR15_Miroslava Kolesárová,"Bratislava, Eurovea",16.09628805943677,0.2589446092088552,0.19300766283524906,2.3038793103448274,3.568965517241379,6.065852490421456,1.282088122605364
197,2678649.6799999997,207456.58000000002,117390,A - shopping premium,RR15_Miroslava Kolesárová,"Bratislava, Central",22.81838044126416,0.554271844909559,0.7689176245210727,5.001915708812261,4.46551724137931,10.236350574712644,1.6079980842911878
198,996686.21,80227.57,65059,D - street,RR15_Miroslava Kolesárová,"Bratislava, podchod Trnavské mýto",15.319728400375043,0.4916013034834705,0.7598180076628352,1.7131226053639848,1.6690613026819923,4.142001915708812,0.5871647509578545
201,551246.71,37824.590000000004,21792,C - street +,RR8_Katarína Kuchtová,Turany,25.295829203377384,0.7894178633737334,0.6597222222222222,0.6908524904214559,0.011494252873563218,1.3620689655172413,0.2152777777777778
202,598023.06,71276.44,48367,A - shopping premium,RR15_Miroslava Kolesárová,"Bratislava, Eurovea II",12.364278537019043,0.24181711320630347,0.12236590038314175,1.933189655172414,1.8761973180076628,3.9317528735632186,0.41786398467432945
203,558203.03,38015.08,35985,C - street +,RR2_Silvia Mastikova,"Bardejov, Stanica",15.51210309851327,0.6292843125555946,0.849616858237548,0.11853448275862069,0.7873563218390806,1.7555076628352493,0.26340996168582376
207,1311823.88,75599.43,67447,B - shopping,RR1_Beata Kubanova,Košice - Ťahanovce,19.449699467730216,0.6592891951318953,0.8304597701149425,1.7756226053639845,1.6053639846743295,4.211446360153257,0.728927203065134
209,911479.69,73619.48,39181,E - poliklinika,RR10_Mário Mantuano,Partizánske ,23.263308491360608,0.7428612040713711,0.7279693486590039,1.4815613026819923,0.9293582375478926,3.138888888888889,1.8148946360153257
210,1054084.25,57217.35,38056,E - poliklinika,RR6_Jaroslav Vigh,Ružomberok ,27.698240750472987,0.7928944958621666,0.1068007662835249,1.5124521072796937,0.96360153256705,2.5828544061302687,0.3850574712643678
212,1356507.3,87100.84,90361,B - shopping,RR6_Jaroslav Vigh,"Kaufland, Dolný Kubín",15.01208817963502,0.4827082169038087,0.14032567049808428,2.203065134099617,1.7830459770114944,4.126436781609195,0.594588122605364
216,1097266.52,74800.51,56554,B - shopping,RR16_Robert Kardoš,"TESCO Bratislava, Dubravka",19.402102769034904,0.555687017589856,0.8560823754789272,1.1982758620689655,1.6851053639846743,3.739463601532567,0.569683908045977
217,1086709.41,59182.81,51256,C - street +,RR4_Radovan Kalmar,Dobšiná,21.20160390978617,0.6722424994921136,0.83955938697318,0.9001436781609196,1.6015325670498086,3.341235632183908,0.5134099616858238
218,586071.68,50330.28,26396,D - street,RR8_Katarína Kuchtová,Vrútky,22.203048946810124,0.760094260142377,0.7938218390804598,1.3311781609195403,0.03017241379310345,2.1551724137931036,0.5459770114942529
220,1648765.3,108962.67,68724,E - poliklinika,RR13_Slavomír Bodnár,"Mýtna,Bratislava",23.991113730283452,0.7396457943407713,0.7854406130268199,3.0167624521072796,1.6314655172413792,5.4336685823754785,0.9561781609195402
221,2499011.12,124595.48,78174,E - poliklinika,RR11_Andrej Kukučka,"Poliklinika sv.Lukáša, Galanta ",31.96729245017525,0.8251573326332378,0.7564655172413793,2.7480842911877397,1.534961685823755,5.039511494252874,1.8627873563218391
223,2524019.61,177441.52,147695,A - shopping premium,RR15_Miroslava Kolesárová,"Bratislava, Aupark",17.08940458377061,0.2648001692823615,0.8096264367816092,2.446599616858238,5.452825670498084,8.70905172413793,1.76772030651341
224,979672.37,60449.6,53369,C - street +,RR2_Silvia Mastikova,Prešov,18.356580973973657,0.6752863204665046,0.8556034482758621,1.4913793103448276,0.8393199233716474,3.1863026819923372,0.4449233716475096
225,285688.08,37924.86,19761,D - street,RR3_Jana Majernikova,Prešov,14.45716714741157,0.5018869880745461,0.5146072796934866,0.6356561302681993,0.9976053639846744,2.1478687739463602,0.30076628352490425
227,342458.67,40807.73,18109,E - poliklinika,RR10_Mário Mantuano,Bojnice,18.91096526588989,0.5941751744816389,0.3190852490421456,0.8654214559386972,0.8905651340996169,2.0750718390804597,0.5268199233716475
228,1624401.26,102420.25,108154,B - shopping,RR3_Jana Majernikova,"Prešov, Tesco",15.019335946890545,0.49262655090528557,0.6070402298850575,2.8965517241379315,1.7353927203065134,5.238984674329503,1.1168582375478928
230,459664.17,37665.18,20114,C - street +,RR13_Slavomír Bodnár,"Bratislava, Vajnory ",22.852946703788405,0.6273046472166844,0.8395593869731801,0.8467432950191571,0,1.6863026819923372,0.21839080459770116
236,1990939.21,106315.04000000001,85547,E - poliklinika,RR1_Beata Kubanova,"Košice, Cottbuská",23.273045343495387,0.7904100296462593,0.8491379310344829,2.480842911877395,2.4272030651340994,5.7571839080459775,0.9791666666666666
238,585069.37,57026,39481,C - street +,RR1_Beata Kubanova,"Košice, Mlynská",14.819010916643448,0.5144231871171105,0.7887931034482759,0.8819444444444445,1.741139846743295,3.4118773946360155,0.7147988505747126
239,707565.22,43424.93,29031,E - poliklinika,RR15_Miroslava Kolesárová,"Bratislava, Tematínská 5/A",24.37274706348386,0.6345367851743758,0.793103448275862,0.976772030651341,0,1.769875478927203,0.4942528735632184
240,1310210.55,66371.95,34700,E - poliklinika,RR10_Mário Mantuano,"Topolčany , Nemocnica",37.75822910662824,0.8515795266646264,1.0086206896551724,0.6721743295019157,1.6372126436781609,3.318007662835249,0.8888888888888888
241,1370745.42,77293.77,67242,C - street +,RR16_Robert Kardoš,Šaštín-Stráže,20.38525653609351,0.658484906701348,0.8487787356321839,0.9025383141762452,1.583572796934866,3.334889846743295,1.2165948275862069
242,962106.73,72039.17,50254,D - street,RR8_Katarína Kuchtová,Martin,19.144878616627533,0.6215115239865332,0.8069923371647509,0.9422892720306514,2.0415469348659006,3.790828544061303,0.9268438697318008
243,462026.53,37602.93,18498,E - poliklinika,RR5_Juraj Hvorecky,"Žiar nad Hronom, Poliklinika Pro Care",24.977107254838362,0.7525023076055828,0.893199233716475,0.4549808429118774,0.02203065134099617,1.3702107279693485,0.07159961685823756
246,923887.45,56349.75,33610,E - poliklinika,RR13_Slavomír Bodnár,Bratislava - Tehelná,27.48846920559357,0.7975944364218823,0.12595785440613028,2.35213122605364,0,2.47808908045977,0.5499281609195402
248,2266336.2800000003,114399.3,60315,E - poliklinika,RR16_Robert Kardoš,Bratislava,37.57500256984167,0.7823406374626806,0.780411877394636,3.2794540229885056,1.541427203065134,5.601293103448276,1.0589080459770115
249,1336326.83,78897.5,44382,C - street +,RR15_Miroslava Kolesárová,Bratislava-Staré Mesto,30.109657744130505,0.6931086910827047,0.5684865900383141,1.9076867816091954,0.8467432950191572,3.322916666666667,0.6381704980842912
251,1415429.65,93036.73,86564,B - shopping,RR13_Slavomír Bodnár,Kaufland Pezinok,16.351250519846587,0.4586675784275115,1.0079022988505748,1.469588122605364,1.8939176245210727,4.371408045977011,0.9367816091954023
252,643264.53,55017.6,32842,C - street +,RR11_Andrej Kukučka,Nitra,19.586643018086598,0.5919089460754193,0.8271072796934865,0.7835249042145593,0.7504789272030651,2.3611111111111107,0.47270114942528735
254,640869,52274.97,30679,E - poliklinika,RR5_Juraj Hvorecky,Poltár,20.889500961569805,0.7579437607373738,0.6206896551724138,0.8941570881226054,0.6671455938697317,2.181992337164751,1.0917145593869733
258,1256894.62,80350.26,53373,C - street +,RR9_Andrej Jakubík,Bytča ,23.54925936334851,0.6862751628294821,0.861111111111111,1.8085488505747127,0.8594348659003831,3.529094827586207,0.7873563218390804
259,580461.8200000001,48504,33000,E - poliklinika,RR9_Andrej Jakubík,Bytča,17.589752121212122,0.6647694933665059,0.8469827586206896,0.889367816091954,0.8796695402298851,2.6160201149425286,0.2731082375478927
261,653959.5,52915.590000000004,38000,C - street +,RR3_Jana Majernikova,Prešov,17.20946052631579,0.5932084326322961,0.7028256704980843,1.4379789272030652,0.1743295019157088,2.3151340996168583,0.5229885057471264
262,1269671.63,43191.87,30704,E - poliklinika,RR1_Beata Kubanova,Michalovce,41.35199420270974,0.8833504612527258,0.8347701149425287,0.6597222222222222,1.028735632183908,2.523227969348659,0.7423371647509578
263,1639331.34,61772.4,47441,C - street +,RR14_Zsolt Balogh,Dunajská Streda ,34.555159882801796,0.8004380188327271,0.8244731800766283,0.9252873563218391,0.8582375478927202,2.6079980842911876,0.3623084291187739
264,337548.86,42565.57,21186,D - street,RR10_Mário Mantuano,Prievidza,15.932637590861889,0.5468158002370382,0.3096264367816092,0.8608716475095786,0.8418342911877394,2.0123323754789273,0.45102969348659006
265,479768.42,67705.78,33198,D - street,RR7_Ivana Iľanovská,"Starý Smokovec, Vysoké Tatry",14.451726610036749,0.4929429911205911,0.8740421455938697,1.0057471264367817,1.8465038314176245,3.726293103448276,0.41954022988505746
267,1331400.3,83059.7,91665,C - street +,RR3_Jana Majernikova,Levoča,14.524630993290788,0.4986511194266668,0.8891283524904214,1.7327586206896552,1.7909482758620692,4.412835249042146,0.5517241379310345
270,977581.3200000001,80668.59,54958,D - street,RR10_Mário Mantuano,Nováky ,17.787789220859565,0.5495607260580633,0.5917145593869731,1.6147030651340997,1.8548850574712645,4.061302681992338,0.46839080459770116
271,795743.71,68914.36,44578,C - street +,RR8_Katarína Kuchtová,Žilina,17.850592444703665,0.6056787806717316,0.8010057471264368,1.7167145593869733,0.6254789272030651,3.143199233716475,0.5876436781609196
272,1326779.86,73369.86,46044,C - street +,RR14_Zsolt Balogh,Dunajská Streda,28.81547780383981,0.7719965918083802,0.8723659003831418,0.8450670498084292,1.6767241379310345,3.3941570881226055,0.45785440613026823
273,1241637,65494.15,51594,C - street +,RR6_Jaroslav Vigh,Ružomberok,24.06553087568322,0.653493702265638,0.9154693486590038,0.5141283524904214,1.6386494252873562,3.0682471264367814,0.3670977011494253
274,603625.95,42347.49,29305,C - street +,RR6_Jaroslav Vigh,Ružomberok,20.598053233236648,0.6695686625135981,0.10033524904214561,1.2114463601532566,0.5814176245210728,1.893199233716475,0.8896072796934865
275,1089791.95,75953.51,56724,C - street +,RR6_Jaroslav Vigh,Ružomberok,19.21218443692264,0.6429192654616324,0.8888888888888888,0.8836206896551725,0.7363505747126436,2.508860153256705,0.33740421455938696
277,684125.52,64803.74,25811,E - poliklinika,RR10_Mário Mantuano,Nováky ,26.50519235984658,0.7837168097456736,0.842911877394636,0.7576628352490422,1.5395114942528736,3.1400862068965516,0.47437739463601536
278,469150.36,37893,19123,C - street +,RR10_Mário Mantuano,Nováky ,24.53330335198452,0.7212902277214495,0.8467432950191571,0.1111111111111111,0.9530651340996168,1.910919540229885,0.3225574712643678
279,559698.31,55520.58,29477,E - poliklinika,RR1_Beata Kubanova,Michalovce,18.987627981137837,0.7558383015306942,0.8591954022988505,0.7540708812260536,0.8160919540229885,2.4293582375478926,0.39655172413793105
280,711704.3099999999,40733.89,41684,C - street +,RR5_Juraj Hvorecky,Fiľakovo,17.07380073889262,0.6787217573545397,0.19492337164750959,0.9233716475095785,0.9597701149425287,2.078065134099617,0.11877394636015326
281,612589.38,48152.35,27873,D - street,RR10_Mário Mantuano,Kanianka,21.97787751587558,0.686572284357917,0.37667624521072796,0.8431513409961685,0.918103448275862,2.1379310344827585,0.3251915708812261
282,421425.35,36410.91,20560,D - street,RR1_Beata Kubanova,Veľké Kapušany,20.49734192607004,0.7023535959571487,0.8563218390804598,0.13218390804597702,0.85727969348659006,1.8457854406130267,0.2279693486590038
285,360058.17,43351.04,20016,D - street,RR13_Slavomír Bodnár,Bratislava,17.988517685851317,0.44041233670659385,0.896551724137931,0.826867816091954,0.007183908045977011,1.730603448275862,0.23946360153256704
291,1316340.19,104928.15,95304,B - shopping,RR3_Jana Majernikova,"Košice, Tesco",13.81201408125577,0.4224952517783416,0.7842432950191571,1.9068486590038314,2.051484674329502,4.742576628352491,0.7509578544061302
292,1507386.54,89984.69,96309,B - shopping,RR3_Jana Majernikova,"Prešov, Tesco",15.651564651278697,0.4926203268340183,0.8421934865900383,1.8909865900383143,1.7150383141762455,4.448218390804598,0.6129669540229885
293,947508.98,92207.44,68140,B - shopping,RR6_Jaroslav Vigh,"Banská Bystrica, Tesco",13.905326973877312,0.36392917352614435,1.0481321839080457,1.0253831417624522,1.9451628352490422,4.01867816091954,0.42145593869731796
294,1027422.35,90606.31,73931,B - shopping,RR5_Juraj Hvorecky,"Zvolen, Tesco",13.897043865225683,0.3915494830339247,0.1585249042145594,1.2418582375478928,2.184386973180077,3.584770114942529,0.5732758620689655
295,1246465.45,94888.94,82400,B - shopping,RR9_Andrej Jakubík,"Trenčín, Tesco",15.127007888349514,0.40580855249537806,0.830699233716475,1.7502394636015326,1.7705938697318009,4.351532567049809,0.5330459770114943
296,1300885.87,104489.46,92254,B - shopping,RR12_Alena Romanová,"Piešťany, Tesco",14.10113241702257,0.4241505598027597,0.10775862068965517,2.393199233716475,2.273946360153257,4.774904214559387,1.0931417624521074
297,1524280.2,96171.56,104604,B - shopping,RR12_Alena Romanová,"Trnava, Tesco",14.571911207984398,0.425196581310969,0.9437260536398467,0.8599137931034482,2.521551724137931,4.325191570881226,0.6245210727969349
298,1486094.75,86133.28,106467,B - shopping,RR14_Zsolt Balogh,"Dunajská Streda, Tesco",13.958266411188443,0.3621318156194281,0.9216954022988506,1.1060823754789273,1.9379789272030652,3.9657567049808433,0.32950191570881227
299,1295245,104711.67,97104,B - shopping,RR13_Slavomír Bodnár,"Senec, Tesco",13.338739907727797,0.34364899304764734,0.8536877394636015,1.714080459770115,2.3285440613026815,4.896312260536398,0.6807950191570881
300,1970221.1400000001,100617.92,125934,B - shopping,RR15_Miroslava Kolesárová,"Bratislava, Tesco",15.644870646529135,0.4118942861408948,0.8824233716475096,2.0354406130268203,1.8979885057471264,4.815852490421456,0.41235632183908044
301,1243669.92,104061.49,81961,B - shopping,RR16_Robert Kardoš,"Bratislava, Tesco",15.173923207379119,0.3520075085517868,0.8953544061302683,1.783764367816092,2.8941570881226055,5.573275862068966,0.9877873563218391
305,898196.54,58590.83,24201,C - street +,RR4_Radovan Kalmar,Lučenec,37.11402586669973,0.8668247708903443,0.8814655172413792,0.8390804597701148,0.764367816091954,2.484913793103448,0.4444444444444444
306,289648.3,35334.5,13765,D - street,RR4_Radovan Kalmar,Lučenec,21.042375590265163,0.7524243366869406,0.7555076628352491,0.15373563218390804,0.289272030651341,1.1985153256704981,0.18007662835249041
307,1367388.86,103357.2,96484,B - shopping,RR12_Alena Romanová,"Kaufland, Trnava",14.172182538037395,0.4271653127260375,0.7976532567049809,1.4806034482758619,2.596024904214559,4.8742816091954015,0.6511015325670498
308,1357083.97,93409.28,86230,B - shopping,RR9_Andrej Jakubík,"Považská Bystrica, Kaufland",15.737956279717036,0.4907709505993207,0.7856800766283526,1.9240900383141761,1.700191570881226,4.409961685823755,0.6702586206896551
311,351078.24,37668.74,16076,D - street,RR16_Robert Kardoš,Kúty,21.838656382184624,0.7166222264302111,0.8601532567049809,0.10440613026819924,0.8244731800766283,1.7890325670498084,0.2828065134099617
312,868788.54,61009.77,33610,E - poliklinika,RR15_Miroslava Kolesárová,"Bratislava, Betliarska",25.84910859863136,0.6688416608257748,0.47629310344827586,2.273227969348659,0.2681992337164751,3.01772030651341,0.4351053639846743
313,1011263.09,65560.59,38152,E - poliklinika,RR4_Radovan Kalmar,"Košice, KVP",26.50616193122248,0.7161328116899828,0.8351293103448276,0.7880747126436781,1.5715996168582373,3.194803639846743,0.4139128352490421
316,713014.73,53333.48,32092,C - street +,RR8_Katarína Kuchtová,Námestovo,22.217834039636045,0.6634943432374812,0.08141762452107279,2.461206896551724,0.007662835249042145,2.550287356321839,0.45689655172413796
317,748242.6,50633.94,28331,C - street +,RR16_Robert Kardoš,Malacky  ,26.410737354840986,0.746650631760341,0.7728687739463602,0.8113026819923371,0.8467432950191571,2.4309147509578546,0.6166187739463602
319,836339.64,55398.69,47716,B - shopping,RR13_Slavomír Bodnár,Modra,17.527446558806272,0.4755313762241378,0.5704022988505747,0.92816091954023,0.8929597701149425,2.391522988505747,0.6635536398467433
320,756741.96,58392.52,39820,C - street +,RR13_Slavomír Bodnár,Modra,19.004067302862882,0.5821041032269442,0.8843390804597702,0.8714080459770116,0.953544061302682,2.709291187739464,0.47030651340996166
331,599693.37,44143.9,27521,D - street,RR2_Silvia Mastikova,Hanušovce nad Topľou,21.79039170088296,0.7069450342597584,0.73227969348659006,0.8448275862068966,0.814176245210728,2.391283524904215,0.3218390804597701
332,788031.2000000001,61300.56,34321,C - street +,RR8_Katarína Kuchtová,Martin,22.960613035750708,0.7339053580619649,0.8199233716475095,1.3393199233716475,0.8761973180076629,3.03544061302682,0.5076628352490421
333,435434.82,41937.32,28002,D - street,RR5_Juraj Hvorecky,Krupina ,15.550132847653739,0.4651464253593684,0.826867816091954,0.20641762452107282,0.6082375478927203,1.6415229885057472,0.7021072796934866
336,808531.57,48112.06,28814,E - poliklinika,RR8_Katarína Kuchtová,Turčianske Teplice,28.060372388422294,0.7278554874486843,0.8290229885057471,0.7709530651340996,0.9616858237547893,2.561661877394636,0.35284961685823757
338,408536.79,35429.41,19069,D - street,RR14_Zsolt Balogh,Veľký Meder,21.424132885835647,0.6494405314145638,0.22126436781609196,0.9542624521072798,0.2720306513409962,1.447557471264368,0.1388888888888889
340,935881.2000000001,54407.65,46017,C - street +,RR4_Radovan Kalmar,Moldava nad Bodvou,20.337727361627227,0.5939810950364213,0.6599616858237548,0.9312739463601533,0.9116379310344827,2.5028735632183907,0.5708812260536398
427,961349.92,56537.3,37902,E - poliklinika,RR16_Robert Kardoš,Holíč,25.364094770724503,0.7660909151581351,0.201867816091954,1.1360153256704981,1.6125478927203065,2.9504310344827585,1.0256226053639848
451,646204.26,42500.28,30234,E - poliklinika,RR9_Andrej Jakubík,Nemšová,21.37342925183568,0.6800354271883011,0.8891283524904213,0.07112068965517242,0.8603927203065134,1.8206417624521072,0.2550287356321839
453,1341074.47,70683.21,36958,C - street +,RR12_Alena Romanová,"Nové Mesto nV, Laurus",36.28644596569078,0.8473243249496801,0.7183908045977011,0.8955938697318008,1.6907327586206897,3.3047174329501914,0.6437978927203065
456,441583.35,36076.48,24535,E - poliklinika,RR9_Andrej Jakubík,"Trenčín, OZETA",17.998098634603625,0.623088076124247,0.9295977011494253,0.027538314176245214,0.9612068965517242,1.9183429118773947,0.1839080459770115
457,942153.04,65089.62,40441,E - poliklinika,RR4_Radovan Kalmar,"Tornaľa, poliklinika",23.29697683044435,0.7641004055986488,0.7873563218390803,0.7056992337164751,1.6791187739463602,3.1721743295019156,0.47988505747126436
459,1328007.95,70008.57,54235,C - street +,RR6_Jaroslav Vigh,"Ban. Bystrica, Biopharma",24.486179588826403,0.5306841800156392,0.7567049808429118,0.8299808429118773,1.616977969348659,3.2036637931034484,0.5049090038314177
461,1184607.28,83812.52,66131,D - street,RR10_Mário Mantuano,"Topoľčany, Na Korze",17.913040480258882,0.5886753540802147,0.6809147509578545,1.9530651340996168,1.5002394636015324,4.134219348659004,1.337763409961686
462,1092045.8,72194.27,33200,E - poliklinika,RR9_Andrej Jakubík,"Bytča, poliklinika",32.89294578313253,0.8171877131893186,0.8967911877394635,1.4551005747126435,0.6178160919540229,2.96970785440613,0.8565613026819923
464,1212481.74,67182.09,40170,C - street +,RR8_Katarína Kuchtová,"Žilina, Magnólia",30.183762509335324,0.8355106444737057,0.8486590038314177,1.3263888888888888,0.8204022988505747,2.9954501915708813,1.2734674329501916
465,628511.61,56888.09,41228,C - street +,RR10_Mário Mantuano,"Topoľčany, Jednota",15.244775637915978,0.5619957441995383,0.8539272030651341,0.9942528735632183,0.9924568965517242,2.840636973180077,0.43235153256704983
466,1040782.3200000001,65864.5,39617,E - poliklinika,RR9_Andrej Jakubík,"Dubnica nV, poliklinika",26.271103819067573,0.7471687355334783,0.7646072796934865,1.6511015325670497,0.801484674329502,3.2171934865900385,0.4351053639846743
467,1334212.54,79977.27,53316,C - street +,RR10_Mário Mantuano,Bánovce nad Bebravou,25.024618125890914,0.7355703837111289,0.8146551724137931,1.1350574712643677,1.7147988505747127,3.6645114942528734,0.4427681992337165
469,1019497.21,76983.94,62363,B - shopping,RR9_Andrej Jakubík,"Trenčín, OC Južanka",16.347789715055402,0.5782236814556854,0.8180076628352492,1.1709770114942528,1.6558908045977012,3.644875478927203,0.6558908045977011
470,1356259.81,81288.89,54715,E - poliklinika,RR5_Juraj Hvorecky,"Veľký Krtíš, poliklinika",24.7877147034634,0.7754250345293355,0.6901340996168581,1.7296455938697317,0.9920977011494253,3.411877394636015,1.3955938697318009
471,728647.58,47727.27,32778,C - street +,RR2_Silvia Mastikova,Snina,22.22977545914943,0.7866948381273703,0.6300287356321839,0.8862547892720307,0.766044061302682,2.282327586206897,0.7406609195402298
474,1317744.42,78815.37,51064,C - street +,RR8_Katarína Kuchtová,"Martin, Imelo",25.805742205859314,0.7497650416914685,0.7777777777777778,1.6712164750957854,1.505028735632184,3.954022988505747,0.8328544061302682
501,1900673.47,83152.99,52026,E - poliklinika,RR12_Alena Romanová,"Nové Mesto nV, nemocnica",36.53314631145965,0.8277762039788981,0.7399425287356322,1.3934386973180075,1.632183908045977,3.765565134099617,0.6980363984674329
502,1182587.02,72999.88,33042,E - poliklinika,RR9_Andrej Jakubík,"Pov. Bystrica, poliklinika 1",35.79041886084377,0.8300221746049606,0.8126197318007663,2.0231082375478926,0.005747126436781609,2.8414750957854404,0.5292145593869731
504,1186668.38,72305.11,49274,E - poliklinika,RR9_Andrej Jakubík,"Trenčín, Špitálska",24.083053537362503,0.7349660062569461,0.7780172413793104,1.7268917624521072,0.7054597701149425,3.2103687739463602,1.1548132183908046
505,1285406.85,75973.04,48717,E - poliklinika,RR12_Alena Romanová,"Stará Turá, poliklinika",26.385180737730156,0.7856323777954037,0.834051724137931,1.5477729885057472,0.828544061302682,3.2103687739463602,0.5171216475095786
506,823170.43,44771.18,28111,C - street +,RR12_Alena Romanová,"Myjava, Staromyjavská",29.282858311692934,0.7827179117694982,0.9082854406130269,0.03735632183908046,0.9118773946360154,1.8575191570881227,0.23323754789272033
511,613741.91,40856.72,30539,D - street,RR12_Alena Romanová,"Stará Turá, Na Stanici",20.096987786109565,0.6247724063686638,0.5301724137931035,0.5864463601532567,0.8659003831417624,1.9825191570881227,0.3395593869731801
515,1863858.16,92768.5,66693,E - poliklinika,RR11_Andrej Kukučka,"Nitra, Viola",27.946833400806682,0.7918955217064372,0.7978927203065135,2.0737547892720305,1.6235632183908049,4.495210727969349,1.1506226053639848
516,1590894.27,85859.57,66177,E - poliklinika,RR7_Ivana Iľanovská,Liptovský Hrádok,24.03998776009792,0.6768368585550315,0.7945402298850575,1.717432950191571,1.7021072796934866,4.214080459770115,0.5821360153256705
518,1941835.1500000001,93923.86,63827,E - poliklinika,RR6_Jaroslav Vigh,Dolný Kubín,30.423412505679416,0.8381683223727823,0.8026819923371648,2.146551724137931,1.5517241379310345,4.50095785440613,1.173132183908046
523,489628.37,52835.46,20191,E - poliklinika,RR3_Jana Majernikova,"Košice, voj.nemocnica",24.24983259868258,0.809177621795077,0.6546934865900382,0.5735153256704981,0.780411877394636,2.0086206896551726,1.0095785440613025
524,601172.15,51594.42,28853,C - street +,RR12_Alena Romanová,"Nové Mesto nV, Nika",20.835689529684956,0.6740139076635535,0.8520114942528736,0.09099616858237548,1.4240900383141761,2.3670977011494254,0.41762452107279696
551,685420.85,63226.29,43638,D - street,RR1_Beata Kubanova,"Košice, autobus.stanica",15.706972134378294,0.6167563621678565,0.7796934865900383,0.7844827586206897,1.668103448275862,3.23227969348659,0.9238505747126436
552,1285394.94,58262.61,60571,C - street +,RR4_Radovan Kalmar,Moldava nad Bodvou,21.221293028016706,0.6889042289212683,0.8570402298850575,0.8472222222222222,0.8773946360153256,2.581657088122605,0.22677203065134102
553,1049067.6400000001,52770.42,50552,C - street +,RR5_Juraj Hvorecky,Ban. Štiavnica,20.75224798227568,0.6618427959516509,0.6221264367816092,0.4561781609195402,0.9272030651340997,2.005507662835249,0.23515325670498083
554,636303.37,39173.51,34080,D - street,RR1_Beata Kubanova,Sečovce,18.67087353286385,0.7292174800205757,0.1032088122605364,1.8754789272030652,0.04717432950191571,2.0258620689655173,0.20474137931034483
555,590891.1,51657.35,29647,C - street +,RR10_Mário Mantuano,Prievidza,19.93089014065504,0.5866633462578806,0.8565613026819923,0.7990900383141762,0.8005268199233716,2.4561781609195403,0.3381226053639847
556,498678.39,42851.17,28530,C - street +,RR2_Silvia Mastikova,Lipany,17.47908832807571,0.6026571554464191,0.6199712643678161,0.8275862068965517,0.17911877394636017,1.626676245210728,0.46336206896551724
558,591207.62,43409.93,28638,D - street,RR14_Zsolt Balogh,Kolárovo,20.644165793700676,0.6603509271412977,0.8136973180076629,0.13697318007662834,0.9580938697318009,1.9087643678160922,0.24904214559386975
562,602925.05,47213.65,18585,D - street,RR11_Andrej Kukučka,"Nitra, Pri Nemocnici",32.441487758945385,0.7748495107310601,0.8225574712643678,0.32926245210727967,0.8072318007662835,1.959051724137931,0.28735632183908044
565,999598.71,61790.19,50808,C - street +,RR12_Alena Romanová,"Stará Turá, Pri Tržnici",19.674041686348605,0.6176951548887052,0.8479406130268199,0.753352490421456,0.9073275862068966,2.5086206896551726,0.36877394636015326
602,1584351.07,102539.61,99575,B - shopping,RR8_Katarína Kuchtová,"Žilina, Max",15.91113301531509,0.48814665173925115,0.7763409961685824,1.8175287356321839,2.425526819923372,5.019396551724138,0.7670019157088123
603,607819.96,58502.72,28332,C - street +,RR16_Robert Kardoš,"Bratislava, Heydukova",21.453478751941265,0.6403824908941786,0.8560823754789273,0.8656609195402298,1.7373084291187741,3.4590517241379315,0.4559386973180076
605,2964725.87,184952.01,117765,E - poliklinika,RR15_Miroslava Kolesárová,"Bratislava, Šustekova",25.174932025644292,0.6504666449987836,0.7567049808429118,4.7705938697318,4.204501915708812,9.731800766283524,1.6350574712643677
608,737576.93,45559.36,22133,C - street +,RR7_Ivana Iľanovská,"Poprad, Máj",33.324760764469346,0.8688916287010222,0.8024425287356322,0.7904693486590039,0.7840038314176244,2.3769157088122603,0.40229885057471265
609,1172255.6,84807.6,84904,A - shopping premium,RR4_Radovan Kalmar,"Košice, Optima",13.80683595590314,0.2425744521928494,0.8728448275862067,1.362787356321839,1.793103448275862,4.028735632183908,0.9865900383141762
610,928541.34,40067.02,25015,E - poliklinika,RR8_Katarína Kuchtová,"Martin, pred nem.",37.11938197081751,0.8413602672768451,0.05818965517241379,1.3338122605363985,0.7150383141762452,2.1070402298850572,0.6898946360153257
611,1022071.71,54952.72,31583,E - poliklinika,RR3_Jana Majernikova,Krompachy,32.3614510971092,0.8218163968162274,0.9343869731800767,0.7567049808429118,0.8544061302681992,2.5454980842911876,0.40229885057471265
612,668739.31,40229.5,32414,D - street,RR11_Andrej Kukučka,"Galanta, centrum",20.631187449867344,0.5903043594072553,0.8886494252873564,0.0842911877394636,0.9600095785440614,1.9329501915708813,0.2471264367816092
613,617239.34,45631.84,28081,C - street +,RR3_Jana Majernikova,"Spiš.N.Ves, Hornád",21.98067518963,0.694688757200732,1.3742816091954024,0.025862068965517244,0.06489463601532566,1.4650383141762453,0.20809386973180077
614,930323.66,71537.76,41599,E - poliklinika,RR6_Jaroslav Vigh,"Ban. Bystrica, Simba",22.364087117478785,0.7510317215838624,0.8157327586206896,0.7714319923371648,1.6855842911877397,3.272749042145594,1.1867816091954022
615,619135.29,39601.73,33370,D - street,RR14_Zsolt Balogh,"Šamorín, Centro",18.55364968534612,0.5773613389086576,0.8412356321839081,0.10727969348659004,0.9597701149425286,1.9082854406130267,0.27586206896551724
616,1565047.83,94669.78,95959,B - shopping,RR8_Katarína Kuchtová,"Martin, Tulip",16.309547098239875,0.4386465172760886,0.685344827586207,1.7310823754789273,2.1556513409961684,4.572078544061303,1.2219827586206897
617,1538371.57,96362.06,104628,B - shopping,RR12_Alena Romanová,"Trnava, Max",14.70324932140536,0.43312908467230704,0.8776340996168583,1.4829980842911878,2.4130747126436782,4.773706896551724,0.9492337164750957
618,2357418.36,139717.46,136028,B - shopping,RR6_Jaroslav Vigh,"Ban. Bystrica, Kaufland (DZ)",17.330390507836622,0.5527046926028013,0.9274425287356322,2.264367816091954,3.5842911877394634,6.77610153256705,1.0301724137931034
619,694495.53,50496.34,28924,C - street +,RR2_Silvia Mastikova,Snina (DZ),24.011047227216153,0.7917698044795192,0.6657088122605364,0.9779693486590038,0.78544061302682,2.4291187739463602,0.3587164750957854
620,897243.2,70119.27,44761,C - street +,RR14_Zsolt Balogh,Nové Zámky (DZ),20.045200062554454,0.6331835114492926,0.6096743295019158,0.9317528735632185,1.5282567049808429,3.069683908045977,0.7844827586206896
621,863756.7999999999,55801.41,37340,E - poliklinika,RR5_Juraj Hvorecky,Ban. Štiavnica (DZ),23.132212104981253,0.7828197242557164,0.6218869731800766,0.9267241379310345,0.837883141762452,2.386494252873563,0.435823754789272
624,836936.62,66728.87,33214,D - street,RR13_Slavomír Bodnár,"Bratislava, Ametyst",25.19830854458963,0.6740046337081057,0.6163793103448276,1.3223180076628351,1.6261973180076628,3.5648946360153255,0.5742337164750958
626,1076300.49,87223.61,84596,B - shopping,RR16_Robert Kardoš,"Skalica, TESCO",12.722829566409759,0.38128990352870695,1,0.9363026819923371,2.5170019157088124,4.453304597701149,0.4731800766283525
627,1304017.57,94966.69,92521,A - shopping premium,RR9_Andrej Jakubík,"Trenčín, Laugaricio",14.094287459063349,0.22561718244333165,0.8594348659003831,1.0965038314176245,2.4006226053639845,4.3565613026819925,0.71455938697318
628,560790.33,48742.85,23711,E - poliklinika,RR10_Mário Mantuano,Prievidza (DZ),23.65106195436717,0.7566170943068866,0.8352490421455939,0.7526340996168583,0.7763409961685823,2.3642241379310347,0.29897030651341
629,768548.72,66338.02,30780,E - poliklinika,RR9_Andrej Jakubík,"Nová Dubnica., Na Mikl.",24.96909421702404,0.7268120100440737,0.6743295019157088,0.7373084291187739,1.5735153256704981,2.9851532567049808,0.6044061302681992
630,822214.42,53768.71,35606,D - street,RR7_Ivana Iľanovská,Ľubica,23.092018760882997,0.7591099533379626,0.7629310344827587,0.5560344827586207,0.8659003831417625,2.1848659003831417,0.5708812260536398
631,243888.25,35227.22,16613,D - street,RR14_Zsolt Balogh,Komárno (DZ),14.68056642388491,0.4130413416800522,0.9011015325670497,0.04597701149425287,0.8524904214559387,1.7995689655172413,0.20689655172413793
633,1057700.99,60164.33,54176,C - street +,RR14_Zsolt Balogh,Sereď (DZ),19.523423471647963,0.6514594072564875,0.8615900383141764,0.7298850574712643,0.8888888888888888,2.4803639846743293,0.3261494252873563
634,1277806.12,58769.979999999996,43586,C - street +,RR7_Ivana Iľanovská,"Kežmarok, Severka",29.316893497912176,0.7886424820065816,0.9118773946360152,1.128831417624521,0.7771791187739464,2.8178879310344827,1.0095785440613025
635,1125165.99,97754.71,58552,A - shopping premium,RR15_Miroslava Kolesárová,"Bratislava, Danubia",19.216525310834815,0.3916653399735269,0.4310344827586207,2.0811781609195403,2.483955938697318,4.996168582375479,0.7231800766283525
637,333767.55,31680.12,16041,C - street +,RR4_Radovan Kalmar,Lučenec (DZ),20.807153544043388,0.7927944163535372,0.6910919540229885,0.319683908045977,0.011015325670498085,1.0217911877394636,0.04837164750957854
638,578870.54,48203.03,28071,E - poliklinika,RR13_Slavomír Bodnár,"Bratislava, Tehelná",20.621657226318977,0.7065771908171385,0.685344827586207,1.612787356321839,0,2.298132183908046,0.3395593869731801
639,1269204.02,89863.4,51181,E - poliklinika,RR11_Andrej Kukučka,Galanta,24.798343525917822,0.7350101759053678,0.8450670498084291,1.6546934865900382,1.6472701149425288,4.147030651340996,0.7332375478927203
649,1488406.63,75592.36,46422,E - poliklinika,RR11_Andrej Kukučka,Šaľa,32.06252703459566,0.8309039983247052,0.7816091954022989,1.743295019157088,0,2.524904214559387,0.40996168582375475
661,816406.79,40953.71,16611,C - street +,RR4_Radovan Kalmar,Košice,49.14856360243213,0.8750577882871355,0.8249521072796936,0.1417624521072797,0.9002634099616857,1.866977969348659,0.3274664750957854
663,419088.24,32204.73,17066,D - street,RR6_Jaroslav Vigh,Likavka,24.556910816828783,0.7060592060516898,0.8532088122605364,0.10596264367816093,0,0.9591714559386972,0.12931034482758622
664,1035234.78,55899.4,39834,C - street +,RR8_Katarína Kuchtová,Trstená,25.988722699201688,0.7432319072587573,0.21455938697318008,1.8496168582375478,1.2574233716475096,3.3215996168582373,0.9837164750957854
